_key,judge_score,judge_label,judge_reason,judge_raw
Base (zero-shot)||0||695013fb97,1,partially_correct,,"{""score"": 1, ""label"": ""partially_correct""}"
Base (zero-shot)||1||6468c72479,1,partially_correct,,"{""score"": 1, ""label"": ""partially_correct""}"
Base (zero-shot)||2||9e3d8bf367,1,partially_correct,,"{""score"": 1, ""label"": ""partially_correct""}"
Base (zero-shot)||3||e82e97bfea,4,fully_correct,,"{""score"": 4, ""label"": ""fully_correct""}"
Base (zero-shot)||4||c2a0fce7bc,4,fully_correct,,"{""score"": 4, ""label"": ""fully_correct""}"
Base (zero-shot)||5||1a73f155b5,4,fully_correct,,"{""score"": 4, ""label"": ""fully_correct""}"
Base (zero-shot)||6||2e07d16c07,1,partially_correct,,"{""score"": 1, ""label"": ""partially_correct""}"
Base (zero-shot)||7||695e2da2d0,1,partially_correct,,"{""score"": 1, ""label"": ""partially_correct""}"
Base (zero-shot)||8||16db666671,1,partially_correct,,"{""score"": 1, ""label"": ""partially_correct""}"
Base (zero-shot)||9||f4765e688e,1,partially_correct,,"{""score"": 1, ""label"": ""partially_correct""}"
Base (zero-shot)||10||86fe7f9248,1,partially_correct,,"{""score"": 1, ""label"": ""partially_correct""}"
Base (zero-shot)||11||560edfdba7,4,fully_correct,,"{""score"": 4, ""label"": ""fully_correct""}"
Base (zero-shot)||12||5b412fe41f,1,partially_correct,,"{""score"": 1, ""label"": ""partially_correct""}"
Base (zero-shot)||13||65009ef2b0,4,fully_correct,,"{""score"": 4, ""label"": ""fully_correct""}"
Base (zero-shot)||14||61b5c0b029,1,partially_correct,,"{""score"": 1, ""label"": ""partially_correct""}"
Base (zero-shot)||15||518ee5c6b0,4,fully_correct,,"{""score"": 4, ""label"": ""fully_correct""}"
Base (zero-shot)||16||07f6f5be09,4,fully_correct,,"{""score"": 4, ""label"": ""fully_correct""}"
Base (zero-shot)||17||7582572bb3,1,partially_correct,,"{""score"": 1, ""label"": ""partially_correct""}"
Base (zero-shot)||18||0eec85e1bc,1,partially_correct,,"{""score"": 1, ""label"": ""partially_correct""}"
Base (zero-shot)||19||97d6d0d0ac,4,fully_correct,,"{""score"": 4, ""label"": ""fully_correct""}"
Base (zero-shot)||20||75207c0445,1,partially_correct,,"{""score"": 1, ""label"": ""partially_correct""}"
Base (zero-shot)||21||71d1b11f7c,1,partially_correct,,"{""score"": 1, ""label"": ""partially_correct""}"
Base (zero-shot)||22||e2d4d2d6c6,4,fully_correct,,"{""score"": 4, ""label"": ""fully_correct""}"
Base (zero-shot)||23||14aa30b221,1,partially_correct,,"{""score"": 1, ""label"": ""partially_correct""}"
Base (zero-shot)||24||3b9c430326,4,fully_correct,,"{""score"": 4, ""label"": ""fully_correct""}"
Base (zero-shot)||25||fc47a2337f,1,partially_correct,,"{""score"": 1, ""label"": ""partially_correct""}"
Base (zero-shot)||26||0839b85542,4,fully_correct,,"{""score"": 4, ""label"": ""fully_correct""}"
Base (zero-shot)||27||f8f389d899,4,fully_correct,,"{""score"": 4, ""label"": ""fully_correct""}"
Base (zero-shot)||28||4638e02901,4,fully_correct,,"{""score"": 4, ""label"": ""fully_correct""}"
Base (zero-shot)||29||8bf54266c5,1,partially_correct,,"{""score"": 1, ""label"": ""partially_correct""}"
Base (zero-shot)||30||1656034424,4,fully_correct,,"{""score"": 4, ""label"": ""fully_correct""}"
Base (zero-shot)||31||6ac2caa8ea,4,fully_correct,,"{""score"": 4, ""label"": ""fully_correct""}"
Base (zero-shot)||32||b03555c298,4,fully_correct,,"{""score"": 4, ""label"": ""fully_correct""}"
Base (zero-shot)||33||f948dbde2f,4,fully_correct,,"{""score"": 4, ""label"": ""fully_correct""}"
Base (zero-shot)||34||b29cb351d7,1,partially_correct,,"{""score"": 1, ""label"": ""partially_correct""}"
Base (zero-shot)||35||6768f1ea2e,4,fully_correct,,"{""score"": 4, ""label"": ""fully_correct""}"
Base (zero-shot)||36||15d9cf99c1,0,incorrect,,"{""score"": 0, ""label"": ""incorrect""}"
Base (zero-shot)||37||d4f8970bd1,4,fully_correct,,"{""score"": 4, ""label"": ""fully_correct""}"
Base (zero-shot)||38||3fabc6228c,4,fully_correct,,"{""score"": 4, ""label"": ""fully_correct""}"
Base (zero-shot)||39||c9d4cac28b,4,fully_correct,,"{""score"": 4, ""label"": ""fully_correct""}"
Base (zero-shot)||40||2f48ac68e3,4,fully_correct,,"{""score"": 4, ""label"": ""fully_correct""}"
Base (zero-shot)||41||e8a78fc81b,4,fully_correct,,"{""score"": 4, ""label"": ""fully_correct""}"
Base (zero-shot)||42||c930cc2311,1,partially_correct,,"{""score"": 1, ""label"": ""partially_correct""}"
Base (zero-shot)||43||72b3c7015f,1,partially_correct,,"{""score"": 1, ""label"": ""partially_correct""}"
Base (zero-shot)||44||c925603688,1,partially_correct,,"{""score"": 1, ""label"": ""partially_correct""}"
Base (zero-shot)||45||daafd9b8aa,4,fully_correct,,"{""score"": 4, ""label"": ""fully_correct""}"
Base (zero-shot)||46||9fb452ffaa,4,fully_correct,,"{""score"": 4, ""label"": ""fully_correct""}"
Base (zero-shot)||47||b8305f0985,4,fully_correct,,"{""score"": 4, ""label"": ""fully_correct""}"
Base (zero-shot)||48||2f886f4078,1,partially_correct,,"{""score"": 1, ""label"": ""partially_correct""}"
Base (zero-shot)||49||f62663b3a7,4,fully_correct,,"{""score"": 4, ""label"": ""fully_correct""}"
Base (zero-shot)||50||284d52b0ab,1,partially_correct,,"{""score"": 1, ""label"": ""partially_correct""}"
Base (zero-shot)||51||76dc30f093,4,fully_correct,,"{""score"": 4, ""label"": ""fully_correct""}"
Base (zero-shot)||52||50cf3c63c9,1,partially_correct,,"{""score"": 1, ""label"": ""partially_correct""}"
Base (zero-shot)||53||cb6ac519b6,1,partially_correct,,"{""score"": 1, ""label"": ""partially_correct""}"
Base (zero-shot)||54||b308e26aa2,4,fully_correct,,"{""score"": 4, ""label"": ""fully_correct""}"
Base (zero-shot)||55||160b25aff3,4,fully_correct,,"{""score"": 4, ""label"": ""fully_correct""}"
Base (zero-shot)||56||c4c7bb76af,1,partially_correct,,"{""score"": 1, ""label"": ""partially_correct""}"
Base (zero-shot)||57||af553afbc4,1,partially_correct,,"{""score"": 1, ""label"": ""partially_correct""}"
Base (zero-shot)||58||9d0a4b5578,1,partially_correct,,"{""score"": 1, ""label"": ""partially_correct""}"
Base (zero-shot)||59||ec82037ff7,4,fully_correct,,"{""score"": 4, ""label"": ""fully_correct""}"
Base (zero-shot)||60||1961fbba02,4,fully_correct,,"{""score"": 4, ""label"": ""fully_correct""}"
Base (zero-shot)||61||cce43eb180,1,partially_correct,,"{""score"": 1, ""label"": ""partially_correct""}"
Base (zero-shot)||62||bf5405c2f1,4,fully_correct,,"{""score"": 4, ""label"": ""fully_correct""}"
Base (zero-shot)||63||2d9aba328d,1,partially_correct,,"{""score"": 1, ""label"": ""partially_correct""}"
Base (zero-shot)||64||985fce6389,1,partially_correct,,"{""score"": 1, ""label"": ""partially_correct""}"
Base (zero-shot)||65||54408304d7,1,partially_correct,,"{""score"": 1, ""label"": ""partially_correct""}"
Base (zero-shot)||66||11765b021c,0,mostly_incorrect,,"{""score"": 0, ""label"": ""mostly_incorrect""}"
Base (zero-shot)||67||4dc6f2d07a,1,partially_correct,,"{""score"": 1, ""label"": ""partially_correct""}"
Base (zero-shot)||68||00e728cb3f,4,fully_correct,,"{""score"": 4, ""label"": ""fully_correct""}"
Base (zero-shot)||69||6b11992c9e,1,partially_correct,,"{""score"": 1, ""label"": ""partially_correct""}"
Base (zero-shot)||70||3e21833032,1,partially_correct,,"{""score"": 1, ""label"": ""partially_correct""}"
Base (zero-shot)||71||8f490a6768,4,fully_correct,,"{""score"": 4, ""label"": ""fully_correct""}"
Base (zero-shot)||72||913a4b34a5,1,partially_correct,,"{""score"": 1, ""label"": ""partially_correct""}"
Base (zero-shot)||73||001273de63,1,partially_correct,,"{""score"": 1, ""label"": ""partially_correct""}"
Base (zero-shot)||74||106ec486fb,1,partially_correct,,"{""score"": 1, ""label"": ""partially_correct""}"
Base (zero-shot)||75||dd44de05c7,1,partially_correct,,"{""score"": 1, ""label"": ""partially_correct""}"
Base (zero-shot)||76||0fd8db2861,1,partially_correct,,"{""score"": 1, ""label"": ""partially_correct""}"
Base (zero-shot)||77||50963b671f,4,fully_correct,,"{""score"": 4, ""label"": ""fully_correct""}"
Base (zero-shot)||78||c22adf4b00,1,partially_correct,,"{""score"": 1, ""label"": ""partially_correct""}"
Base (zero-shot)||79||9a9a6668c7,4,fully_correct,,"{""score"": 4, ""label"": ""fully_correct""}"
Base (zero-shot)||80||152cb32484,1,partially_correct,,"{""score"": 1, ""label"": ""partially_correct""}"
Base (zero-shot)||81||e8f18b92b0,1,partially_correct,,"{""score"": 1, ""label"": ""partially_correct""}"
Base (zero-shot)||82||5ef23ae63c,1,partially_correct,,"{""score"": 1, ""label"": ""partially_correct""}"
Base (zero-shot)||83||fc94b7718c,1,partially_correct,,"{""score"": 1, ""label"": ""partially_correct""}"
Base (zero-shot)||84||90d7627071,1,partially_correct,,"{""score"": 1, ""label"": ""partially_correct""}"
Base (zero-shot)||85||e84ff99e3a,4,fully_correct,,"{""score"": 4, ""label"": ""fully_correct""}"
Base (zero-shot)||86||7d4882a956,4,fully_correct,,"{""score"": 4, ""label"": ""fully_correct""}"
Base (zero-shot)||87||bc7f67d613,1,partially_correct,,"{""score"": 1, ""label"": ""partially_correct""}"
Base (zero-shot)||88||74235d9921,1,partially_correct,,"{""score"": 1, ""label"": ""partially_correct""}"
Base (zero-shot)||89||47ced45cbc,1,partially_correct,,"{""score"": 1, ""label"": ""partially_correct""}"
Base (zero-shot)||90||88306ec256,4,fully_correct,,"{""score"": 4, ""label"": ""fully_correct""}"
Base (zero-shot)||91||3b497fffc9,4,fully_correct,,"{""score"": 4, ""label"": ""fully_correct""}"
Base (zero-shot)||92||9b6461be92,4,fully_correct,,"{""score"": 4, ""label"": ""fully_correct""}"
Base (zero-shot)||93||cab88db516,4,fully_correct,,"{""score"": 4, ""label"": ""fully_correct""}"
Base (zero-shot)||94||3c2b35d03d,1,partially_correct,,"{""score"": 1, ""label"": ""partially_correct""}"
Base (zero-shot)||95||9c9f11c4c5,4,fully_correct,,"{""score"": 4, ""label"": ""fully_correct""}"
Base (zero-shot)||96||ee33822049,1,partially_correct,,"{""score"": 1, ""label"": ""partially_correct""}"
Base (zero-shot)||97||c192f7c692,1,partially_correct,,"{""score"": 1, ""label"": ""partially_correct""}"
Base (zero-shot)||98||abec1d51af,4,fully_correct,,"{""score"": 4, ""label"": ""fully_correct""}"
Base (zero-shot)||99||f323b7fcdd,4,fully_correct,,"{""score"": 4, ""label"": ""fully_correct""}"
Base (zero-shot)||100||705a218b17,4,fully_correct,,"{""score"": 4, ""label"": ""fully_correct""}"
Base (zero-shot)||101||91d6ac0300,4,fully_correct,,"{""score"": 4, ""label"": ""fully_correct""}"
Base (zero-shot)||102||32ceff1e18,4,fully_correct,,"{""score"": 4, ""label"": ""fully_correct""}"
Base (zero-shot)||103||04a75cf072,4,fully_correct,,"{""score"": 4, ""label"": ""fully_correct""}"
Base (zero-shot)||104||722f665f91,1,partially_correct,,"{""score"": 1, ""label"": ""partially_correct""}"
Base (zero-shot)||105||4f85c2b34e,1,partially_correct,,"{""score"": 1, ""label"": ""partially_correct""}"
Base (zero-shot)||106||c656c8dd68,4,fully_correct,,"{""score"": 4, ""label"": ""fully_correct""}"
Base (zero-shot)||107||5136e4e550,1,partially_correct,,"{""score"": 1, ""label"": ""partially_correct""}"
Base (zero-shot)||108||6849ccf73f,4,fully_correct,,"{""score"": 4, ""label"": ""fully_correct""}"
Base (zero-shot)||109||b395fef9f4,4,fully_correct,,"{""score"": 4, ""label"": ""fully_correct""}"
Base (zero-shot)||110||a3387c6ce4,1,partially_correct,,"{""score"": 1, ""label"": ""partially_correct""}"
Base (zero-shot)||111||1e0118b502,1,partially_correct,,"{""score"": 1, ""label"": ""partially_correct""}"
Base (zero-shot)||112||0870cc696a,1,partially_correct,,"{""score"": 1, ""label"": ""partially_correct""}"
Base (zero-shot)||113||dfd23b616b,1,partially_correct,,"{""score"": 1, ""label"": ""partially_correct""}"
Base (zero-shot)||114||fe5bb06525,1,partially_correct,,"{""score"": 1, ""label"": ""partially_correct""}"
Base (zero-shot)||115||775648642d,1,partially_correct,,"{""score"": 1, ""label"": ""partially_correct""}"
Base (zero-shot)||116||508c54d6d5,1,partially_correct,,"{""score"": 1, ""label"": ""partially_correct""}"
Base (zero-shot)||117||faedcc4665,1,partially_correct,,"{""score"": 1, ""label"": ""partially_correct""}"
Base (zero-shot)||118||f62d0cacea,4,fully_correct,,"{""score"": 4, ""label"": ""fully_correct""}"
Base (zero-shot)||119||5862f75e96,1,partially_correct,,"{""score"": 1, ""label"": ""partially_correct""}"
Base (zero-shot)||120||11765b021c,0,mostly_incorrect,,"{""score"": 0, ""label"": ""mostly_incorrect""}"
Base (zero-shot)||121||c18e238491,1,partially_correct,,"{""score"": 1, ""label"": ""partially_correct""}"
Base (zero-shot)||122||21651352df,4,fully_correct,,"{""score"": 4, ""label"": ""fully_correct""}"
Base (zero-shot)||123||4e79c22f49,1,partially_correct,,"{""score"": 1, ""label"": ""partially_correct""}"
Base (zero-shot)||124||af3f0c885c,1,partially_correct,,"{""score"": 1, ""label"": ""partially_correct""}"
Base (zero-shot)||125||1c055356ec,1,partially_correct,,"{""score"": 1, ""label"": ""partially_correct""}"
Base (zero-shot)||126||c614f0c21f,1,partially_correct,,"{""score"": 1, ""label"": ""partially_correct""}"
Base (zero-shot)||127||1d8b6047fb,1,partially_correct,,"{""score"": 1, ""label"": ""partially_correct""}"
Base (zero-shot)||128||716e4fce91,4,fully_correct,,"{""score"": 4, ""label"": ""fully_correct""}"
Base (zero-shot)||129||239fde9fd0,1,partially_correct,,"{""score"": 1, ""label"": ""partially_correct""}"
Base (zero-shot)||130||28b1807d52,1,partially_correct,,"{""score"": 1, ""label"": ""partially_correct""}"
Base (zero-shot)||131||80c6efef6c,1,partially_correct,,"{""score"": 1, ""label"": ""partially_correct""}"
Base (zero-shot)||132||bb6d767ff6,4,fully_correct,,"{""score"": 4, ""label"": ""fully_correct""}"
Base (zero-shot)||133||7a6fc0727f,4,fully_correct,,"{""score"": 4, ""label"": ""fully_correct""}"
Base (zero-shot)||134||39d16e5390,1,partially_correct,,"{""score"": 1, ""label"": ""partially_correct""}"
Base (zero-shot)||135||bbf015784b,4,fully_correct,,"{""score"": 4, ""label"": ""fully_correct""}"
Base (zero-shot)||136||79b40f54fd,1,partially_correct,,"{""score"": 1, ""label"": ""partially_correct""}"
Base (zero-shot)||137||f625cacd56,1,partially_correct,,"{""score"": 1, ""label"": ""partially_correct""}"
Base (zero-shot)||138||6726ed67e3,1,partially_correct,,"{""score"": 1, ""label"": ""partially_correct""}"
Base (zero-shot)||139||349464df8e,4,fully_correct,,"{""score"": 4, ""label"": ""fully_correct""}"
Base (zero-shot)||140||b78184612a,1,partially_correct,,"{""score"": 1, ""label"": ""partially_correct""}"
Base (zero-shot)||141||2a0b8401b7,4,fully_correct,,"{""score"": 4, ""label"": ""fully_correct""}"
Base (zero-shot)||142||f5c61891b5,1,partially_correct,,"{""score"": 1, ""label"": ""partially_correct""}"
Base (zero-shot)||143||4125cf1639,1,partially_correct,,"{""score"": 1, ""label"": ""partially_correct""}"
Base (zero-shot)||144||78953096e4,1,partially_correct,,"{""score"": 1, ""label"": ""partially_correct""}"
Base (zero-shot)||145||e668c0dac3,1,partially_correct,,"{""score"": 1, ""label"": ""partially_correct""}"
Base (zero-shot)||146||07bc746440,1,partially_correct,,"{""score"": 1, ""label"": ""partially_correct""}"
Base (zero-shot)||147||8c217d2c81,1,partially_correct,,"{""score"": 1, ""label"": ""partially_correct""}"
Base (zero-shot)||148||948c62184b,1,partially_correct,,"{""score"": 1, ""label"": ""partially_correct""}"
Base (zero-shot)||149||5fe82f2b7b,4,fully_correct,,"{""score"": 4, ""label"": ""fully_correct""}"
Base (zero-shot)||150||1dad3a3baa,1,partially_correct,,"{""score"": 1, ""label"": ""partially_correct""}"
Base (zero-shot)||151||a5285efea4,1,partially_correct,,"{""score"": 1, ""label"": ""partially_correct""}"
Base (zero-shot)||152||71cd0b4b65,4,fully_correct,,"{""score"": 4, ""label"": ""fully_correct""}"
Base (zero-shot)||153||f27cac953b,4,fully_correct,,"{""score"": 4, ""label"": ""fully_correct""}"
Base (zero-shot)||154||b3070609c5,1,partially_correct,,"{""score"": 1, ""label"": ""partially_correct""}"
Base (zero-shot)||155||b19c65186a,1,partially_correct,,"{""score"": 1, ""label"": ""partially_correct""}"
Base (zero-shot)||156||bb0c095c9e,4,fully_correct,,"{""score"": 4, ""label"": ""fully_correct""}"
Base (zero-shot)||157||6c1baf1428,1,partially_correct,,"{""score"": 1, ""label"": ""partially_correct""}"
Base (zero-shot)||158||cc395aec4f,4,fully_correct,,"{""score"": 4, ""label"": ""fully_correct""}"
Base (zero-shot)||159||138fc715c9,1,partially_correct,,"{""score"": 1, ""label"": ""partially_correct""}"
Base (zero-shot)||160||ecd3ca4cf1,4,fully_correct,,"{""score"": 4, ""label"": ""fully_correct""}"
Base (zero-shot)||161||2599961c32,1,partially_correct,,"{""score"": 1, ""label"": ""partially_correct""}"
Base (zero-shot)||162||b2802ef6d1,4,fully_correct,,"{""score"": 4, ""label"": ""fully_correct""}"
Base (zero-shot)||163||7a582b984f,1,partially_correct,,"{""score"": 1, ""label"": ""partially_correct""}"
Base (zero-shot)||164||1e5066023b,1,partially_correct,,"{""score"": 1, ""label"": ""partially_correct""}"
Base (zero-shot)||165||b379037d34,1,partially_correct,,"{""score"": 1, ""label"": ""partially_correct""}"
Base (zero-shot)||166||60018b411b,1,partially_correct,,"{""score"": 1, ""label"": ""partially_correct""}"
Base (zero-shot)||167||a245a6ebe6,1,partially_correct,,"{""score"": 1, ""label"": ""partially_correct""}"
Base (zero-shot)||168||3a1d865869,4,fully_correct,,"{""score"": 4, ""label"": ""fully_correct""}"
Base (zero-shot)||169||3b3dc20c62,4,fully_correct,,"{""score"": 4, ""label"": ""fully_correct""}"
Base (zero-shot)||170||40eb19eeaa,1,partially_correct,,"{""score"": 1, ""label"": ""partially_correct""}"
Base (zero-shot)||171||38f22c2cd2,1,partially_correct,,"{""score"": 1, ""label"": ""partially_correct""}"
Base (zero-shot)||172||8d162f7c83,1,partially_correct,,"{""score"": 1, ""label"": ""partially_correct""}"
Base (zero-shot)||173||4dcf6b11ca,1,partially_correct,,"{""score"": 1, ""label"": ""partially_correct""}"
Base (zero-shot)||174||d61fa744b5,4,fully_correct,,"{""score"": 4, ""label"": ""fully_correct""}"
Base (zero-shot)||175||1d6150ae41,4,fully_correct,,"{""score"": 4, ""label"": ""fully_correct""}"
Base (zero-shot)||176||29fe00c361,4,fully_correct,,"{""score"": 4, ""label"": ""fully_correct""}"
Base (zero-shot)||177||4be6a3cfec,4,fully_correct,,"{""score"": 4, ""label"": ""fully_correct""}"
Base (zero-shot)||178||77b28a18f1,4,fully_correct,,"{""score"": 4, ""label"": ""fully_correct""}"
Base (zero-shot)||179||3c1cdde347,1,partially_correct,,"{""score"": 1, ""label"": ""partially_correct""}"
Base (zero-shot)||180||a4b3cf2830,4,fully_correct,,"{""score"": 4, ""label"": ""fully_correct""}"
Base (zero-shot)||181||3a5094a9f0,4,fully_correct,,"{""score"": 4, ""label"": ""fully_correct""}"
Base (zero-shot)||182||b563723d69,1,partially_correct,,"{""score"": 1, ""label"": ""partially_correct""}"
Base (zero-shot)||183||973f9b9261,1,partially_correct,,"{""score"": 1, ""label"": ""partially_correct""}"
Base (zero-shot)||184||e2e3757871,1,partially_correct,,"{""score"": 1, ""label"": ""partially_correct""}"
Base (zero-shot)||185||a1b4c7c54c,1,partially_correct,,"{""score"": 1, ""label"": ""partially_correct""}"
Base (zero-shot)||186||cbb9203f22,1,partially_correct,,"{""score"": 1, ""label"": ""partially_correct""}"
Base (zero-shot)||187||8ea8524eaa,1,partially_correct,,"{""score"": 1, ""label"": ""partially_correct""}"
Base (zero-shot)||188||7024421970,1,partially_correct,,"{""score"": 1, ""label"": ""partially_correct""}"
Base (zero-shot)||189||bfec5e08db,1,partially_correct,,"{""score"": 1, ""label"": ""partially_correct""}"
Base (zero-shot)||190||57c28873a1,1,partially_correct,,"{""score"": 1, ""label"": ""partially_correct""}"
Base (zero-shot)||191||3681d6b05a,1,partially_correct,,"{""score"": 1, ""label"": ""partially_correct""}"
Base (zero-shot)||192||985406a437,4,fully_correct,,"{""score"": 4, ""label"": ""fully_correct""}"
Base (zero-shot)||193||b47b0d724a,1,partially_correct,,"{""score"": 1, ""label"": ""partially_correct""}"
Base (zero-shot)||194||6b63abccf2,0,mostly_incorrect,,"{""score"": 0, ""label"": ""mostly_incorrect""}"
Base (zero-shot)||195||4b1dd02c2c,4,fully_correct,,"{""score"": 4, ""label"": ""fully_correct""}"
Base (zero-shot)||196||22595ae09a,4,fully_correct,,"{""score"": 4, ""label"": ""fully_correct""}"
Base (zero-shot)||197||18b707e962,4,fully_correct,,"{""score"": 4, ""label"": ""fully_correct""}"
Base (zero-shot)||198||a886b40c84,1,partially_correct,,"{""score"": 1, ""label"": ""partially_correct""}"
Base (zero-shot)||199||7b6ada6ec8,1,partially_correct,,"{""score"": 1, ""label"": ""partially_correct""}"
Base (zero-shot)||200||c4fb045c1c,1,partially_correct,,"{""score"": 1, ""label"": ""partially_correct""}"
Base (zero-shot)||201||967868b608,1,partially_correct,,"{""score"": 1, ""label"": ""partially_correct""}"
Base (zero-shot)||202||b061555c4d,1,partially_correct,,"{""score"": 1, ""label"": ""partially_correct""}"
Base (zero-shot)||203||677d0db8f8,1,partially_correct,,"{""score"": 1, ""label"": ""partially_correct""}"
Base (zero-shot)||204||3d7c66ed37,1,partially_correct,,"{""score"": 1, ""label"": ""partially_correct""}"
Base (zero-shot)||205||3b977b858f,4,fully_correct,,"{""score"": 4, ""label"": ""fully_correct""}"
Base (zero-shot)||206||e5236468e0,1,partially_correct,,"{""score"": 1, ""label"": ""partially_correct""}"
Base (zero-shot)||207||2a201b0fe8,1,partially_correct,,"{""score"": 1, ""label"": ""partially_correct""}"
Base (zero-shot)||208||e793437a11,1,partially_correct,,"{""score"": 1, ""label"": ""partially_correct""}"
Base (zero-shot)||209||d9c65ca079,4,fully_correct,,"{""score"": 4, ""label"": ""fully_correct""}"
Base (zero-shot)||210||0b9dae4ef2,4,fully_correct,,"{""score"": 4, ""label"": ""fully_correct""}"
Base (zero-shot)||211||0755232b8c,4,fully_correct,,"{""score"": 4, ""label"": ""fully_correct""}"
Base (zero-shot)||212||dddfbd50b6,1,partially_correct,,"{""score"": 1, ""label"": ""partially_correct""}"
Base (zero-shot)||213||0f0702d70c,1,partially_correct,,"{""score"": 1, ""label"": ""partially_correct""}"
Base (zero-shot)||214||b2511c217f,4,fully_correct,,"{""score"": 4, ""label"": ""fully_correct""}"
Base (zero-shot)||215||24810aa8f5,1,partially_correct,,"{""score"": 1, ""label"": ""partially_correct""}"
Base (zero-shot)||216||ca8b40fbdc,1,partially_correct,,"{""score"": 1, ""label"": ""partially_correct""}"
Base (zero-shot)||217||77aa64eb1b,4,fully_correct,,"{""score"": 4, ""label"": ""fully_correct""}"
Base (zero-shot)||218||6437989791,4,fully_correct,,"{""score"": 4, ""label"": ""fully_correct""}"
Base (zero-shot)||219||5b233fe782,1,partially_correct,,"{""score"": 1, ""label"": ""partially_correct""}"
Base (zero-shot)||220||847df4e91e,1,partially_correct,,"{""score"": 1, ""label"": ""partially_correct""}"
Base (zero-shot)||221||c75898c0cc,4,fully_correct,,"{""score"": 4, ""label"": ""fully_correct""}"
Base (zero-shot)||222||2733532c38,1,partially_correct,,"{""score"": 1, ""label"": ""partially_correct""}"
Base (zero-shot)||223||9684509992,1,partially_correct,,"{""score"": 1, ""label"": ""partially_correct""}"
Base (zero-shot)||224||8254c74fae,1,partially_correct,,"{""score"": 1, ""label"": ""partially_correct""}"
Base (zero-shot)||225||be1e9316c9,4,fully_correct,,"{""score"": 4, ""label"": ""fully_correct""}"
Base (zero-shot)||226||3a3f9fea2b,4,fully_correct,,"{""score"": 4, ""label"": ""fully_correct""}"
Base (zero-shot)||227||f22b722a84,1,partially_correct,,"{""score"": 1, ""label"": ""partially_correct""}"
Base (zero-shot)||228||91035c0246,4,fully_correct,,"{""score"": 4, ""label"": ""fully_correct""}"
Base (zero-shot)||229||972464583d,1,partially_correct,,"{""score"": 1, ""label"": ""partially_correct""}"
Base (zero-shot)||230||469bcd6555,4,fully_correct,,"{""score"": 4, ""label"": ""fully_correct""}"
Base (zero-shot)||231||72c05c4318,1,partially_correct,,"{""score"": 1, ""label"": ""partially_correct""}"
Base (zero-shot)||232||bd085f17d4,4,fully_correct,,"{""score"": 4, ""label"": ""fully_correct""}"
Base (zero-shot)||233||81a4c3fcca,1,partially_correct,,"{""score"": 1, ""label"": ""partially_correct""}"
Base (zero-shot)||234||32c0b0bbd2,1,partially_correct,,"{""score"": 1, ""label"": ""partially_correct""}"
Base (zero-shot)||235||968a2cef79,1,partially_correct,,"{""score"": 1, ""label"": ""partially_correct""}"
Base (zero-shot)||236||6512f7944b,1,partially_correct,,"{""score"": 1, ""label"": ""partially_correct""}"
Base (zero-shot)||237||273c2a04bd,1,partially_correct,,"{""score"": 1, ""label"": ""partially_correct""}"
Base (zero-shot)||238||7bcfba048e,4,fully_correct,,"{""score"": 4, ""label"": ""fully_correct""}"
Base (zero-shot)||239||941706e4a2,1,partially_correct,,"{""score"": 1, ""label"": ""partially_correct""}"
Base (zero-shot)||240||c6d7451733,4,fully_correct,,"{""score"": 4, ""label"": ""fully_correct""}"
Base (zero-shot)||241||8a5ae25be9,4,fully_correct,,"{""score"": 4, ""label"": ""fully_correct""}"
Base (zero-shot)||242||b01b44ab8b,1,partially_correct,,"{""score"": 1, ""label"": ""partially_correct""}"
Base (zero-shot)||243||94669d5ac9,4,fully_correct,,"{""score"": 4, ""label"": ""fully_correct""}"
Base (zero-shot)||244||315c4c1ee3,1,partially_correct,,"{""score"": 1, ""label"": ""partially_correct""}"
Base (zero-shot)||245||ea2b4befb3,1,partially_correct,,"{""score"": 1, ""label"": ""partially_correct""}"
Base (zero-shot)||246||dee17230a4,1,partially_correct,,"{""score"": 1, ""label"": ""partially_correct""}"
Base (zero-shot)||247||6b9a9dc0db,4,fully_correct,,"{""score"": 4, ""label"": ""fully_correct""}"
Base (zero-shot)||248||8276e9d3af,1,partially_correct,,"{""score"": 1, ""label"": ""partially_correct""}"
Base (zero-shot)||249||ff034d3d2f,4,fully_correct,,"{""score"": 4, ""label"": ""fully_correct""}"
Base (zero-shot)||250||6e22d25660,4,fully_correct,,"{""score"": 4, ""label"": ""fully_correct""}"
Base (zero-shot)||251||57be883e69,4,fully_correct,,"{""score"": 4, ""label"": ""fully_correct""}"
Base (zero-shot)||252||5abf2e61a5,1,partially_correct,,"{""score"": 1, ""label"": ""partially_correct""}"
Base (zero-shot)||253||1556c81c99,1,partially_correct,,"{""score"": 1, ""label"": ""partially_correct""}"
Base (zero-shot)||254||d679b89607,4,fully_correct,,"{""score"": 4, ""label"": ""fully_correct""}"
Base (zero-shot)||255||02dcf36b52,1,partially_correct,,"{""score"": 1, ""label"": ""partially_correct""}"
Base (zero-shot)||256||e55592a711,4,fully_correct,,"{""score"": 4, ""label"": ""fully_correct""}"
Base (zero-shot)||257||f1386a0443,1,partially_correct,,"{""score"": 1, ""label"": ""partially_correct""}"
Base (zero-shot)||258||f1e48cb83a,0,incorrect,,"{""score"": 0, ""label"": ""incorrect""}"
Base (zero-shot)||259||2a3c58b151,1,partially_correct,,"{""score"": 1, ""label"": ""partially_correct""}"
Base (zero-shot)||260||352286f1fb,1,partially_correct,,"{""score"": 1, ""label"": ""partially_correct""}"
Base (zero-shot)||261||b6b653c756,4,fully_correct,,"{""score"": 4, ""label"": ""fully_correct""}"
Base (zero-shot)||262||49304b7f59,4,fully_correct,,"{""score"": 4, ""label"": ""fully_correct""}"
Base (zero-shot)||263||45dc491c23,4,fully_correct,,"{""score"": 4, ""label"": ""fully_correct""}"
Base (zero-shot)||264||34783092b4,4,fully_correct,,"{""score"": 4, ""label"": ""fully_correct""}"
Base (zero-shot)||265||1a2c0e5dc0,4,fully_correct,,"{""score"": 4, ""label"": ""fully_correct""}"
Base (zero-shot)||266||11ed92f85a,4,fully_correct,,"{""score"": 4, ""label"": ""fully_correct""}"
Base (zero-shot)||267||5c53983c81,1,partially_correct,,"{""score"": 1, ""label"": ""partially_correct""}"
Base (zero-shot)||268||a4a3dbe693,4,fully_correct,,"{""score"": 4, ""label"": ""fully_correct""}"
Base (zero-shot)||269||867e0b23dc,1,partially_correct,,"{""score"": 1, ""label"": ""partially_correct""}"
Base (zero-shot)||270||18d17d7aa5,1,partially_correct,,"{""score"": 1, ""label"": ""partially_correct""}"
Base (zero-shot)||271||0cd72b529c,1,partially_correct,,"{""score"": 1, ""label"": ""partially_correct""}"
Base (zero-shot)||272||cf36e589b8,4,fully_correct,,"{""score"": 4, ""label"": ""fully_correct""}"
Base (zero-shot)||273||e7eda9d3a9,1,partially_correct,,"{""score"": 1, ""label"": ""partially_correct""}"
Base (zero-shot)||274||5731fda9e5,1,partially_correct,,"{""score"": 1, ""label"": ""partially_correct""}"
Base (zero-shot)||275||0067f471c5,1,partially_correct,,"{""score"": 1, ""label"": ""partially_correct""}"
Base (zero-shot)||276||e763564184,1,partially_correct,,"{""score"": 1, ""label"": ""partially_correct""}"
Base (zero-shot)||277||384366e7f9,1,partially_correct,,"{""score"": 1, ""label"": ""partially_correct""}"
Base (zero-shot)||278||3b150322a9,1,partially_correct,,"{""score"": 1, ""label"": ""partially_correct""}"
Base (zero-shot)||279||57dbee6d1f,4,fully_correct,,"{""score"": 4, ""label"": ""fully_correct""}"
Base (zero-shot)||280||c6958a133f,1,partially_correct,,"{""score"": 1, ""label"": ""partially_correct""}"
Base (zero-shot)||281||102dc2a219,0,incorrect,,"{""score"": 0, ""label"": ""incorrect""}"
Base (zero-shot)||282||05a8cc0fdd,1,partially_correct,,"{""score"": 1, ""label"": ""partially_correct""}"
Base (zero-shot)||283||42f6ea0ac1,4,fully_correct,,"{""score"": 4, ""label"": ""fully_correct""}"
Base (zero-shot)||284||7d43173be8,1,partially_correct,,"{""score"": 1, ""label"": ""partially_correct""}"
Base (zero-shot)||285||be5d0a53f6,1,partially_correct,,"{""score"": 1, ""label"": ""partially_correct""}"
Base (zero-shot)||286||72d9029c4e,1,partially_correct,,"{""score"": 1, ""label"": ""partially_correct""}"
Base (zero-shot)||287||5443df6b4f,4,fully_correct,,"{""score"": 4, ""label"": ""fully_correct""}"
Base (zero-shot)||288||1b91a4a031,1,partially_correct,,"{""score"": 1, ""label"": ""partially_correct""}"
Base (zero-shot)||289||73b026e49b,4,fully_correct,,"{""score"": 4, ""label"": ""fully_correct""}"
Base (zero-shot)||290||a535ae40ce,1,partially_correct,,"{""score"": 1, ""label"": ""partially_correct""}"
Base (zero-shot)||291||134b7b65c4,1,partially_correct,,"{""score"": 1, ""label"": ""partially_correct""}"
Base (zero-shot)||292||6273ba4b0f,1,partially_correct,,"{""score"": 1, ""label"": ""partially_correct""}"
Base (zero-shot)||293||fae01f7d18,1,partially_correct,,"{""score"": 1, ""label"": ""partially_correct""}"
Base (zero-shot)||294||a0112540e2,1,partially_correct,,"{""score"": 1, ""label"": ""partially_correct""}"
Base (zero-shot)||295||74f8b28025,1,partially_correct,,"{""score"": 1, ""label"": ""partially_correct""}"
Base (zero-shot)||296||adae7e23ac,4,fully_correct,,"{""score"": 4, ""label"": ""fully_correct""}"
Base (zero-shot)||297||9c6b5d462c,1,partially_correct,,"{""score"": 1, ""label"": ""partially_correct""}"
Base (zero-shot)||298||01c319a050,1,partially_correct,,"{""score"": 1, ""label"": ""partially_correct""}"
Base (zero-shot)||299||de58e4a627,4,fully_correct,,"{""score"": 4, ""label"": ""fully_correct""}"
Base (zero-shot)||300||8cbc42b424,4,fully_correct,,"{""score"": 4, ""label"": ""fully_correct""}"
Base (zero-shot)||301||49f0616f68,4,fully_correct,,"{""score"": 4, ""label"": ""fully_correct""}"
Base (zero-shot)||302||26c9921a31,4,fully_correct,,"{""score"": 4, ""label"": ""fully_correct""}"
Base (zero-shot)||303||9aa6ca9897,4,fully_correct,,"{""score"": 4, ""label"": ""fully_correct""}"
Base (zero-shot)||304||844a04ae15,4,fully_correct,,"{""score"": 4, ""label"": ""fully_correct""}"
Base (zero-shot)||305||e9009b0827,1,partially_correct,,"{""score"": 1, ""label"": ""partially_correct""}"
Base (zero-shot)||306||dbf2479c2c,1,partially_correct,,"{""score"": 1, ""label"": ""partially_correct""}"
Base (zero-shot)||307||179b8c7006,1,partially_correct,,"{""score"": 1, ""label"": ""partially_correct""}"
Base (zero-shot)||308||e45a5db859,4,fully_correct,,"{""score"": 4, ""label"": ""fully_correct""}"
Base (zero-shot)||309||f520e5214f,4,fully_correct,,"{""score"": 4, ""label"": ""fully_correct""}"
Base (zero-shot)||310||e26fb3f767,4,fully_correct,,"{""score"": 4, ""label"": ""fully_correct""}"
Base (zero-shot)||311||c333210a71,1,partially_correct,,"{""score"": 1, ""label"": ""partially_correct""}"
Base (zero-shot)||312||bc56132224,1,partially_correct,,"{""score"": 1, ""label"": ""partially_correct""}"
Base (zero-shot)||313||c9d3484cc8,1,partially_correct,,"{""score"": 1, ""label"": ""partially_correct""}"
Base (zero-shot)||314||c5c5f4371f,4,fully_correct,,"{""score"": 4, ""label"": ""fully_correct""}"
Base (zero-shot)||315||9f28c46388,1,partially_correct,,"{""score"": 1, ""label"": ""partially_correct""}"
Base (zero-shot)||316||c75f0e65ed,1,partially_correct,,"{""score"": 1, ""label"": ""partially_correct""}"
Base (zero-shot)||317||5065ce44fb,1,partially_correct,,"{""score"": 1, ""label"": ""partially_correct""}"
Base (zero-shot)||318||33a1a9f17e,1,partially_correct,,"{""score"": 1, ""label"": ""partially_correct""}"
Base (zero-shot)||319||5e08cab430,1,partially_correct,,"{""score"": 1, ""label"": ""partially_correct""}"
Base (zero-shot)||320||e976315c01,1,partially_correct,,"{""score"": 1, ""label"": ""partially_correct""}"
Base (zero-shot)||321||1bc4ca8964,1,partially_correct,,"{""score"": 1, ""label"": ""partially_correct""}"
Base (zero-shot)||322||972c1c11b9,4,fully_correct,,"{""score"": 4, ""label"": ""fully_correct""}"
Base (zero-shot)||323||a4d3ab2599,4,fully_correct,,"{""score"": 4, ""label"": ""fully_correct""}"
Base (zero-shot)||324||6c027fbab2,1,partially_correct,,"{""score"": 1, ""label"": ""partially_correct""}"
Base (zero-shot)||325||27a996919a,1,partially_correct,,"{""score"": 1, ""label"": ""partially_correct""}"
Base (zero-shot)||326||15c8c92f4e,1,partially_correct,,"{""score"": 1, ""label"": ""partially_correct""}"
Base (zero-shot)||327||c48b954d45,1,partially_correct,,"{""score"": 1, ""label"": ""partially_correct""}"
Base (zero-shot)||328||65889f91de,1,partially_correct,,"{""score"": 1, ""label"": ""partially_correct""}"
Base (zero-shot)||329||daf4974e05,1,partially_correct,,"{""score"": 1, ""label"": ""partially_correct""}"
Base (zero-shot)||330||e2fab8d968,1,partially_correct,,"{""score"": 1, ""label"": ""partially_correct""}"
Base (zero-shot)||331||95e2a42d6f,4,fully_correct,,"{""score"": 4, ""label"": ""fully_correct""}"
Base (zero-shot)||332||3f1d6d347e,1,partially_correct,,"{""score"": 1, ""label"": ""partially_correct""}"
Fine-tuned (FT)||0||873b29e249,1,partially_correct,,"{""score"": 1, ""label"": ""partially_correct""}"
Fine-tuned (FT)||1||8fed517e93,4,fully_correct,,"{""score"": 4, ""label"": ""fully_correct""}"
Fine-tuned (FT)||2||5571facd01,1,partially_correct,,"{""score"": 1, ""label"": ""partially_correct""}"
Fine-tuned (FT)||3||35dc2ed4ad,1,partially_correct,,"{""score"": 1, ""label"": ""partially_correct""}"
Fine-tuned (FT)||4||5f3f2cf883,1,partially_correct,,"{""score"": 1, ""label"": ""partially_correct""}"
Fine-tuned (FT)||5||f7db98de21,1,partially_correct,,"{""score"": 1, ""label"": ""partially_correct""}"
Fine-tuned (FT)||6||de6e98ddc9,4,fully_correct,,"{""score"": 4, ""label"": ""fully_correct""}"
Fine-tuned (FT)||7||2e7886794c,1,partially_correct,,"{""score"": 1, ""label"": ""partially_correct""}"
Fine-tuned (FT)||8||79f76f7989,1,partially_correct,,"{""score"": 1, ""label"": ""partially_correct""}"
Fine-tuned (FT)||9||15f9794030,4,fully_correct,,"{""score"": 4, ""label"": ""fully_correct""}"
Fine-tuned (FT)||10||050f3b09c5,4,fully_correct,,"{""score"": 4, ""label"": ""fully_correct""}"
Fine-tuned (FT)||11||9f34de1701,4,fully_correct,,"{""score"": 4, ""label"": ""fully_correct""}"
Fine-tuned (FT)||12||5276e7e067,1,partially_correct,,"{""score"": 1, ""label"": ""partially_correct""}"
Fine-tuned (FT)||13||40fa1fe5e1,4,fully_correct,,"{""score"": 4, ""label"": ""fully_correct""}"
Fine-tuned (FT)||14||4051cd01a8,4,fully_correct,,"{""score"": 4, ""label"": ""fully_correct""}"
Fine-tuned (FT)||15||31b48e684a,4,fully_correct,,"{""score"": 4, ""label"": ""fully_correct""}"
Fine-tuned (FT)||16||591f33d461,4,fully_correct,,"{""score"": 4, ""label"": ""fully_correct""}"
Fine-tuned (FT)||17||5557771682,4,fully_correct,,"{""score"": 4, ""label"": ""fully_correct""}"
Fine-tuned (FT)||18||6e3857a766,1,partially_correct,,"{""score"": 1, ""label"": ""partially_correct""}"
Fine-tuned (FT)||19||d3534fd61d,1,partially_correct,,"{""score"": 1, ""label"": ""partially_correct""}"
Fine-tuned (FT)||20||280ce6ae3b,1,partially_correct,,"{""score"": 1, ""label"": ""partially_correct""}"
Fine-tuned (FT)||21||d120708f0d,1,partially_correct,,"{""score"": 1, ""label"": ""partially_correct""}"
Fine-tuned (FT)||22||73d97ede3a,4,fully_correct,,"{""score"": 4, ""label"": ""fully_correct""}"
Fine-tuned (FT)||23||51be22188d,1,partially_correct,,"{""score"": 1, ""label"": ""partially_correct""}"
Fine-tuned (FT)||24||0a376ee17b,1,partially_correct,,"{""score"": 1, ""label"": ""partially_correct""}"
Fine-tuned (FT)||25||fcc7647c21,4,fully_correct,,"{""score"": 4, ""label"": ""fully_correct""}"
Fine-tuned (FT)||26||57992c1383,4,fully_correct,,"{""score"": 4, ""label"": ""fully_correct""}"
Fine-tuned (FT)||27||c61a4e3176,4,fully_correct,,"{""score"": 4, ""label"": ""fully_correct""}"
Fine-tuned (FT)||28||ac1b575b47,4,fully_correct,,"{""score"": 4, ""label"": ""fully_correct""}"
Fine-tuned (FT)||29||15c4c2495c,1,partially_correct,,"{""score"": 1, ""label"": ""partially_correct""}"
Fine-tuned (FT)||30||b854c4055f,4,fully_correct,,"{""score"": 4, ""label"": ""fully_correct""}"
Fine-tuned (FT)||31||aca48b6523,1,partially_correct,,"{""score"": 1, ""label"": ""partially_correct""}"
Fine-tuned (FT)||32||a1ef7436f8,4,fully_correct,,"{""score"": 4, ""label"": ""fully_correct""}"
Fine-tuned (FT)||33||1928f7f166,1,partially_correct,,"{""score"": 1, ""label"": ""partially_correct""}"
Fine-tuned (FT)||34||7fa68eb6e7,4,fully_correct,,"{""score"": 4, ""label"": ""fully_correct""}"
Fine-tuned (FT)||35||a3e81fb016,1,partially_correct,,"{""score"": 1, ""label"": ""partially_correct""}"
Fine-tuned (FT)||36||74e8c5f20b,4,fully_correct,,"{""score"": 4, ""label"": ""fully_correct""}"
Fine-tuned (FT)||37||7b922f53c2,4,fully_correct,,"{""score"": 4, ""label"": ""fully_correct""}"
Fine-tuned (FT)||38||6f1826e5cb,4,fully_correct,,"{""score"": 4, ""label"": ""fully_correct""}"
Fine-tuned (FT)||39||361c837164,1,partially_correct,,"{""score"": 1, ""label"": ""partially_correct""}"
Fine-tuned (FT)||40||b40ace8a19,1,partially_correct,,"{""score"": 1, ""label"": ""partially_correct""}"
Fine-tuned (FT)||41||4a277a765e,4,fully_correct,,"{""score"": 4, ""label"": ""fully_correct""}"
Fine-tuned (FT)||42||a06f80c205,4,fully_correct,,"{""score"": 4, ""label"": ""fully_correct""}"
Fine-tuned (FT)||43||026a8a53a3,4,fully_correct,,"{""score"": 4, ""label"": ""fully_correct""}"
Fine-tuned (FT)||44||ef72f398fb,1,partially_correct,,"{""score"": 1, ""label"": ""partially_correct""}"
Fine-tuned (FT)||45||ef53040455,4,fully_correct,,"{""score"": 4, ""label"": ""fully_correct""}"
Fine-tuned (FT)||46||0d23fbb9b3,1,partially_correct,,"{""score"": 1, ""label"": ""partially_correct""}"
Fine-tuned (FT)||47||3a4afcf7dc,1,partially_correct,,"{""score"": 1, ""label"": ""partially_correct""}"
Fine-tuned (FT)||48||9ef0d75e45,4,fully_correct,,"{""score"": 4, ""label"": ""fully_correct""}"
Fine-tuned (FT)||49||fda88e2cdd,4,fully_correct,,"{""score"": 4, ""label"": ""fully_correct""}"
Fine-tuned (FT)||50||fc46627941,1,partially_correct,,"{""score"": 1, ""label"": ""partially_correct""}"
Fine-tuned (FT)||51||856fba94a4,1,partially_correct,,"{""score"": 1, ""label"": ""partially_correct""}"
Fine-tuned (FT)||52||f26e19679d,1,partially_correct,,"{""score"": 1, ""label"": ""partially_correct""}"
Fine-tuned (FT)||53||25fcfdddde,1,partially_correct,,"{""score"": 1, ""label"": ""partially_correct""}"
Fine-tuned (FT)||54||69f17bc0cc,4,fully_correct,,"{""score"": 4, ""label"": ""fully_correct""}"
Fine-tuned (FT)||55||4b0dc9d2a1,4,fully_correct,,"{""score"": 4, ""label"": ""fully_correct""}"
Fine-tuned (FT)||56||7b284c846c,4,fully_correct,,"{""score"": 4, ""label"": ""fully_correct""}"
Fine-tuned (FT)||57||661480b955,1,partially_correct,,"{""score"": 1, ""label"": ""partially_correct""}"
Fine-tuned (FT)||58||2d24ba467d,1,partially_correct,,"{""score"": 1, ""label"": ""partially_correct""}"
Fine-tuned (FT)||59||a10e09a1b7,4,fully_correct,,"{""score"": 4, ""label"": ""fully_correct""}"
Fine-tuned (FT)||60||4565e9e692,4,fully_correct,,"{""score"": 4, ""label"": ""fully_correct""}"
Fine-tuned (FT)||61||b329f89f3a,1,partially_correct,,"{""score"": 1, ""label"": ""partially_correct""}"
Fine-tuned (FT)||62||cb8393c4bd,1,partially_correct,,"{""score"": 1, ""label"": ""partially_correct""}"
Fine-tuned (FT)||63||61c785f686,4,fully_correct,,"{""score"": 4, ""label"": ""fully_correct""}"
Fine-tuned (FT)||64||5c06b01f71,4,fully_correct,,"{""score"": 4, ""label"": ""fully_correct""}"
Fine-tuned (FT)||65||a81a82f4c6,4,fully_correct,,"{""score"": 4, ""label"": ""fully_correct""}"
Fine-tuned (FT)||66||c3a31e4164,4,fully_correct,,"{""score"": 4, ""label"": ""fully_correct""}"
Fine-tuned (FT)||67||b7546d5175,4,fully_correct,,"{""score"": 4, ""label"": ""fully_correct""}"
Fine-tuned (FT)||68||0225ce49b1,1,partially_correct,,"{""score"": 1, ""label"": ""partially_correct""}"
Fine-tuned (FT)||69||2e8e03750c,1,partially_correct,,"{""score"": 1, ""label"": ""partially_correct""}"
Fine-tuned (FT)||70||58a0931258,4,fully_correct,,"{""score"": 4, ""label"": ""fully_correct""}"
Fine-tuned (FT)||71||6bf248c283,1,partially_correct,,"{""score"": 1, ""label"": ""partially_correct""}"
Fine-tuned (FT)||72||d3b969643f,1,partially_correct,,"{""score"": 1, ""label"": ""partially_correct""}"
Fine-tuned (FT)||73||bbbe7290be,4,fully_correct,,"{""score"": 4, ""label"": ""fully_correct""}"
Fine-tuned (FT)||74||0c124946d1,1,partially_correct,,"{""score"": 1, ""label"": ""partially_correct""}"
Fine-tuned (FT)||75||e98a18dfbf,4,fully_correct,,"{""score"": 4, ""label"": ""fully_correct""}"
Fine-tuned (FT)||76||b9ca45841f,1,partially_correct,,"{""score"": 1, ""label"": ""partially_correct""}"
Fine-tuned (FT)||77||844f73a51f,4,fully_correct,,"{""score"": 4, ""label"": ""fully_correct""}"
Fine-tuned (FT)||78||7de2258f42,1,partially_correct,,"{""score"": 1, ""label"": ""partially_correct""}"
Fine-tuned (FT)||79||937b93de1a,4,fully_correct,,"{""score"": 4, ""label"": ""fully_correct""}"
Fine-tuned (FT)||80||0b07e95cc4,1,partially_correct,,"{""score"": 1, ""label"": ""partially_correct""}"
Fine-tuned (FT)||81||3c53e70a18,1,partially_correct,,"{""score"": 1, ""label"": ""partially_correct""}"
Fine-tuned (FT)||82||f6da7cabfb,1,partially_correct,,"{""score"": 1, ""label"": ""partially_correct""}"
Fine-tuned (FT)||83||a56ad6d263,4,fully_correct,,"{""score"": 4, ""label"": ""fully_correct""}"
Fine-tuned (FT)||84||b495d15ada,1,partially_correct,,"{""score"": 1, ""label"": ""partially_correct""}"
Fine-tuned (FT)||85||964ea7ef43,1,partially_correct,,"{""score"": 1, ""label"": ""partially_correct""}"
Fine-tuned (FT)||86||99030a9487,4,fully_correct,,"{""score"": 4, ""label"": ""fully_correct""}"
Fine-tuned (FT)||87||cbcef0570f,4,fully_correct,,"{""score"": 4, ""label"": ""fully_correct""}"
Fine-tuned (FT)||88||f76cf3ff8c,1,partially_correct,,"{""score"": 1, ""label"": ""partially_correct""}"
Fine-tuned (FT)||89||56b5fb3756,4,fully_correct,,"{""score"": 4, ""label"": ""fully_correct""}"
Fine-tuned (FT)||90||773c237334,1,partially_correct,,"{""score"": 1, ""label"": ""partially_correct""}"
Fine-tuned (FT)||91||d1896607f1,4,fully_correct,,"{""score"": 4, ""label"": ""fully_correct""}"
Fine-tuned (FT)||92||dd58d180b8,1,partially_correct,,"{""score"": 1, ""label"": ""partially_correct""}"
Fine-tuned (FT)||93||661635a36d,4,fully_correct,,"{""score"": 4, ""label"": ""fully_correct""}"
Fine-tuned (FT)||94||da11270bf9,4,fully_correct,,"{""score"": 4, ""label"": ""fully_correct""}"
Fine-tuned (FT)||95||b86c923c21,1,partially_correct,,"{""score"": 1, ""label"": ""partially_correct""}"
Fine-tuned (FT)||96||343c08e371,4,fully_correct,,"{""score"": 4, ""label"": ""fully_correct""}"
Fine-tuned (FT)||97||363b2aa208,4,fully_correct,,"{""score"": 4, ""label"": ""fully_correct""}"
Fine-tuned (FT)||98||21fbc2f75c,4,fully_correct,,"{""score"": 4, ""label"": ""fully_correct""}"
Fine-tuned (FT)||99||76d1df2fdc,4,fully_correct,,"{""score"": 4, ""label"": ""fully_correct""}"
Fine-tuned (FT)||100||fc6ecc9b02,1,partially_correct,,"{""score"": 1, ""label"": ""partially_correct""}"
Fine-tuned (FT)||101||7b5026ce2d,4,fully_correct,,"{""score"": 4, ""label"": ""fully_correct""}"
Fine-tuned (FT)||102||e92ab3784a,4,fully_correct,,"{""score"": 4, ""label"": ""fully_correct""}"
Fine-tuned (FT)||103||b9b51be486,1,partially_correct,,"{""score"": 1, ""label"": ""partially_correct""}"
Fine-tuned (FT)||104||0eb0f4c3ce,1,partially_correct,,"{""score"": 1, ""label"": ""partially_correct""}"
Fine-tuned (FT)||105||8736baec52,4,fully_correct,,"{""score"": 4, ""label"": ""fully_correct""}"
Fine-tuned (FT)||106||a0d8befda4,1,partially_correct,,"{""score"": 1, ""label"": ""partially_correct""}"
Fine-tuned (FT)||107||a72b98fb57,4,fully_correct,,"{""score"": 4, ""label"": ""fully_correct""}"
Fine-tuned (FT)||108||089841283d,4,fully_correct,,"{""score"": 4, ""label"": ""fully_correct""}"
Fine-tuned (FT)||109||49a8bc96ac,4,fully_correct,,"{""score"": 4, ""label"": ""fully_correct""}"
Fine-tuned (FT)||110||e5acdf6a89,4,fully_correct,,"{""score"": 4, ""label"": ""fully_correct""}"
Fine-tuned (FT)||111||caeafa88cf,1,partially_correct,,"{""score"": 1, ""label"": ""partially_correct""}"
Fine-tuned (FT)||112||a6230f5a49,1,partially_correct,,"{""score"": 1, ""label"": ""partially_correct""}"
Fine-tuned (FT)||113||5d73aa5463,1,partially_correct,,"{""score"": 1, ""label"": ""partially_correct""}"
Fine-tuned (FT)||114||8afcdaaa24,1,partially_correct,,"{""score"": 1, ""label"": ""partially_correct""}"
Fine-tuned (FT)||115||14f17fdcb2,1,partially_correct,,"{""score"": 1, ""label"": ""partially_correct""}"
Fine-tuned (FT)||116||858676c160,1,partially_correct,,"{""score"": 1, ""label"": ""partially_correct""}"
Fine-tuned (FT)||117||c8d3e3cea3,1,partially_correct,,"{""score"": 1, ""label"": ""partially_correct""}"
Fine-tuned (FT)||118||b32f8d0533,4,fully_correct,,"{""score"": 4, ""label"": ""fully_correct""}"
Fine-tuned (FT)||119||5eb2f6f889,4,fully_correct,,"{""score"": 4, ""label"": ""fully_correct""}"
Fine-tuned (FT)||120||52412a4377,1,partially_correct,,"{""score"": 1, ""label"": ""partially_correct""}"
Fine-tuned (FT)||121||8f042c0293,1,partially_correct,,"{""score"": 1, ""label"": ""partially_correct""}"
Fine-tuned (FT)||122||cea6251eb5,4,fully_correct,,"{""score"": 4, ""label"": ""fully_correct""}"
Fine-tuned (FT)||123||5b63c37432,1,partially_correct,,"{""score"": 1, ""label"": ""partially_correct""}"
Fine-tuned (FT)||124||6097a3418a,1,partially_correct,,"{""score"": 1, ""label"": ""partially_correct""}"
Fine-tuned (FT)||125||24bca894e6,1,partially_correct,,"{""score"": 1, ""label"": ""partially_correct""}"
Fine-tuned (FT)||126||ac41973def,4,fully_correct,,"{""score"": 4, ""label"": ""fully_correct""}"
Fine-tuned (FT)||127||0622d0970e,1,partially_correct,,"{""score"": 1, ""label"": ""partially_correct""}"
Fine-tuned (FT)||128||729a40de65,4,fully_correct,,"{""score"": 4, ""label"": ""fully_correct""}"
Fine-tuned (FT)||129||5abf1e7955,4,fully_correct,,"{""score"": 4, ""label"": ""fully_correct""}"
Fine-tuned (FT)||130||00dabb1f8a,4,fully_correct,,"{""score"": 4, ""label"": ""fully_correct""}"
Fine-tuned (FT)||131||f639a5ce7d,1,partially_correct,,"{""score"": 1, ""label"": ""partially_correct""}"
Fine-tuned (FT)||132||17f4b386f9,4,fully_correct,,"{""score"": 4, ""label"": ""fully_correct""}"
Fine-tuned (FT)||133||90b48e84d7,4,fully_correct,,"{""score"": 4, ""label"": ""fully_correct""}"
Fine-tuned (FT)||134||f422683024,4,fully_correct,,"{""score"": 4, ""label"": ""fully_correct""}"
Fine-tuned (FT)||135||780d11fae7,4,fully_correct,,"{""score"": 4, ""label"": ""fully_correct""}"
Fine-tuned (FT)||136||a8f9e32de8,4,fully_correct,,"{""score"": 4, ""label"": ""fully_correct""}"
Fine-tuned (FT)||137||7429d3b1be,1,partially_correct,,"{""score"": 1, ""label"": ""partially_correct""}"
Fine-tuned (FT)||138||1e8740bba5,4,fully_correct,,"{""score"": 4, ""label"": ""fully_correct""}"
Fine-tuned (FT)||139||6d85298232,4,fully_correct,,"{""score"": 4, ""label"": ""fully_correct""}"
Fine-tuned (FT)||140||18ab8df4fe,1,partially_correct,,"{""score"": 1, ""label"": ""partially_correct""}"
Fine-tuned (FT)||141||7b351c4e26,4,fully_correct,,"{""score"": 4, ""label"": ""fully_correct""}"
Fine-tuned (FT)||142||7985245443,1,partially_correct,,"{""score"": 1, ""label"": ""partially_correct""}"
Fine-tuned (FT)||143||235158fd93,1,partially_correct,,"{""score"": 1, ""label"": ""partially_correct""}"
Fine-tuned (FT)||144||6f1d0fb7d2,0,incorrect,,"{""score"": 0, ""label"": ""incorrect""}"
Fine-tuned (FT)||145||767899fe28,1,partially_correct,,"{""score"": 1, ""label"": ""partially_correct""}"
Fine-tuned (FT)||146||6ba64f41e0,1,partially_correct,,"{""score"": 1, ""label"": ""partially_correct""}"
Fine-tuned (FT)||147||935ffb3fdd,1,partially_correct,,"{""score"": 1, ""label"": ""partially_correct""}"
Fine-tuned (FT)||148||3738578960,4,fully_correct,,"{""score"": 4, ""label"": ""fully_correct""}"
Fine-tuned (FT)||149||2d7700ccd8,1,partially_correct,,"{""score"": 1, ""label"": ""partially_correct""}"
Fine-tuned (FT)||150||dc3654f3c3,1,partially_correct,,"{""score"": 1, ""label"": ""partially_correct""}"
Fine-tuned (FT)||151||e5b41536e5,1,partially_correct,,"{""score"": 1, ""label"": ""partially_correct""}"
Fine-tuned (FT)||152||933a348453,4,fully_correct,,"{""score"": 4, ""label"": ""fully_correct""}"
Fine-tuned (FT)||153||570cb31be4,4,fully_correct,,"{""score"": 4, ""label"": ""fully_correct""}"
Fine-tuned (FT)||154||da24b722c7,4,fully_correct,,"{""score"": 4, ""label"": ""fully_correct""}"
Fine-tuned (FT)||155||38d03914ba,4,fully_correct,,"{""score"": 4, ""label"": ""fully_correct""}"
Fine-tuned (FT)||156||6974fd9581,4,fully_correct,,"{""score"": 4, ""label"": ""fully_correct""}"
Fine-tuned (FT)||157||911407317e,4,fully_correct,,"{""score"": 4, ""label"": ""fully_correct""}"
Fine-tuned (FT)||158||41d2fdacc4,1,partially_correct,,"{""score"": 1, ""label"": ""partially_correct""}"
Fine-tuned (FT)||159||ae120ab17c,4,fully_correct,,"{""score"": 4, ""label"": ""fully_correct""}"
Fine-tuned (FT)||160||9df3d7dfdd,4,fully_correct,,"{""score"": 4, ""label"": ""fully_correct""}"
Fine-tuned (FT)||161||3f83f41023,1,partially_correct,,"{""score"": 1, ""label"": ""partially_correct""}"
Fine-tuned (FT)||162||1146378a90,4,fully_correct,,"{""score"": 4, ""label"": ""fully_correct""}"
Fine-tuned (FT)||163||01337921b1,4,fully_correct,,"{""score"": 4, ""label"": ""fully_correct""}"
Fine-tuned (FT)||164||314099432c,4,fully_correct,,"{""score"": 4, ""label"": ""fully_correct""}"
Fine-tuned (FT)||165||19054a2a01,1,partially_correct,,"{""score"": 1, ""label"": ""partially_correct""}"
Fine-tuned (FT)||166||941a690fbb,1,partially_correct,,"{""score"": 1, ""label"": ""partially_correct""}"
Fine-tuned (FT)||167||2de08c3357,4,fully_correct,,"{""score"": 4, ""label"": ""fully_correct""}"
Fine-tuned (FT)||168||b66970687e,4,fully_correct,,"{""score"": 4, ""label"": ""fully_correct""}"
Fine-tuned (FT)||169||973ba8eb28,4,fully_correct,,"{""score"": 4, ""label"": ""fully_correct""}"
Fine-tuned (FT)||170||409129bd4f,4,fully_correct,,"{""score"": 4, ""label"": ""fully_correct""}"
Fine-tuned (FT)||171||f60a4a8c3a,4,fully_correct,,"{""score"": 4, ""label"": ""fully_correct""}"
Fine-tuned (FT)||172||d1fc85c243,4,fully_correct,,"{""score"": 4, ""label"": ""fully_correct""}"
Fine-tuned (FT)||173||24daafe086,1,partially_correct,,"{""score"": 1, ""label"": ""partially_correct""}"
Fine-tuned (FT)||174||76ea49af45,4,fully_correct,,"{""score"": 4, ""label"": ""fully_correct""}"
Fine-tuned (FT)||175||6de8c07ca3,1,partially_correct,,"{""score"": 1, ""label"": ""partially_correct""}"
Fine-tuned (FT)||176||6ffab3132b,4,fully_correct,,"{""score"": 4, ""label"": ""fully_correct""}"
Fine-tuned (FT)||177||4131d13a6b,4,fully_correct,,"{""score"": 4, ""label"": ""fully_correct""}"
Fine-tuned (FT)||178||b3834fb80a,4,fully_correct,,"{""score"": 4, ""label"": ""fully_correct""}"
Fine-tuned (FT)||179||2fd0c2345d,4,fully_correct,,"{""score"": 4, ""label"": ""fully_correct""}"
Fine-tuned (FT)||180||fe905b7d75,1,partially_correct,,"{""score"": 1, ""label"": ""partially_correct""}"
Fine-tuned (FT)||181||0ea5f6100d,1,partially_correct,,"{""score"": 1, ""label"": ""partially_correct""}"
Fine-tuned (FT)||182||2084fac1b5,4,fully_correct,,"{""score"": 4, ""label"": ""fully_correct""}"
Fine-tuned (FT)||183||95ba0c045e,1,partially_correct,,"{""score"": 1, ""label"": ""partially_correct""}"
Fine-tuned (FT)||184||0c89cefef2,1,partially_correct,,"{""score"": 1, ""label"": ""partially_correct""}"
Fine-tuned (FT)||185||f55ceab118,1,partially_correct,,"{""score"": 1, ""label"": ""partially_correct""}"
Fine-tuned (FT)||186||3d1e1245e9,1,partially_correct,,"{""score"": 1, ""label"": ""partially_correct""}"
Fine-tuned (FT)||187||c5f425b56b,1,partially_correct,,"{""score"": 1, ""label"": ""partially_correct""}"
Fine-tuned (FT)||188||66fd3183fb,4,fully_correct,,"{""score"": 4, ""label"": ""fully_correct""}"
Fine-tuned (FT)||189||34ce5aa177,4,fully_correct,,"{""score"": 4, ""label"": ""fully_correct""}"
Fine-tuned (FT)||190||60f094f9c4,0,incorrect,,"{""score"": 0, ""label"": ""incorrect""}"
Fine-tuned (FT)||191||9a42656e75,1,partially_correct,,"{""score"": 1, ""label"": ""partially_correct""}"
Fine-tuned (FT)||192||700bf9ec95,4,fully_correct,,"{""score"": 4, ""label"": ""fully_correct""}"
Fine-tuned (FT)||193||b33a31ff09,4,fully_correct,,"{""score"": 4, ""label"": ""fully_correct""}"
Fine-tuned (FT)||194||f5d2db6d64,4,fully_correct,,"{""score"": 4, ""label"": ""fully_correct""}"
Fine-tuned (FT)||195||f846a9dbc2,4,fully_correct,,"{""score"": 4, ""label"": ""fully_correct""}"
Fine-tuned (FT)||196||48dc67bc99,4,fully_correct,,"{""score"": 4, ""label"": ""fully_correct""}"
Fine-tuned (FT)||197||8b177f5a96,4,fully_correct,,"{""score"": 4, ""label"": ""fully_correct""}"
Fine-tuned (FT)||198||25a4db34c5,4,fully_correct,,"{""score"": 4, ""label"": ""fully_correct""}"
Fine-tuned (FT)||199||83499454e9,1,partially_correct,,"{""score"": 1, ""label"": ""partially_correct""}"
Fine-tuned (FT)||200||8ff254f5da,4,fully_correct,,"{""score"": 4, ""label"": ""fully_correct""}"
Fine-tuned (FT)||201||4bb62f79ca,4,fully_correct,,"{""score"": 4, ""label"": ""fully_correct""}"
Fine-tuned (FT)||202||c9797b7659,1,partially_correct,,"{""score"": 1, ""label"": ""partially_correct""}"
Fine-tuned (FT)||203||7c199fd18b,4,fully_correct,,"{""score"": 4, ""label"": ""fully_correct""}"
Fine-tuned (FT)||204||7f091bcad2,4,fully_correct,,"{""score"": 4, ""label"": ""fully_correct""}"
Fine-tuned (FT)||205||9d757bb7dc,4,fully_correct,,"{""score"": 4, ""label"": ""fully_correct""}"
Fine-tuned (FT)||206||393b128214,1,partially_correct,,"{""score"": 1, ""label"": ""partially_correct""}"
Fine-tuned (FT)||207||f45e2e9d37,4,fully_correct,,"{""score"": 4, ""label"": ""fully_correct""}"
Fine-tuned (FT)||208||21b303b08c,4,fully_correct,,"{""score"": 4, ""label"": ""fully_correct""}"
Fine-tuned (FT)||209||947647118a,1,partially_correct,,"{""score"": 1, ""label"": ""partially_correct""}"
Fine-tuned (FT)||210||f7ae6b29ad,4,fully_correct,,"{""score"": 4, ""label"": ""fully_correct""}"
Fine-tuned (FT)||211||855c630f5b,1,partially_correct,,"{""score"": 1, ""label"": ""partially_correct""}"
Fine-tuned (FT)||212||e60b2cafd4,1,partially_correct,,"{""score"": 1, ""label"": ""partially_correct""}"
Fine-tuned (FT)||213||41691feba2,4,fully_correct,,"{""score"": 4, ""label"": ""fully_correct""}"
Fine-tuned (FT)||214||b8df6d40ee,4,fully_correct,,"{""score"": 4, ""label"": ""fully_correct""}"
Fine-tuned (FT)||215||f8c739daee,4,fully_correct,,"{""score"": 4, ""label"": ""fully_correct""}"
Fine-tuned (FT)||216||285acb56e7,4,fully_correct,,"{""score"": 4, ""label"": ""fully_correct""}"
Fine-tuned (FT)||217||10780a94bd,4,fully_correct,,"{""score"": 4, ""label"": ""fully_correct""}"
Fine-tuned (FT)||218||26d6fd3fef,4,fully_correct,,"{""score"": 4, ""label"": ""fully_correct""}"
Fine-tuned (FT)||219||ded941fb2d,4,fully_correct,,"{""score"": 4, ""label"": ""fully_correct""}"
Fine-tuned (FT)||220||31050596b6,1,partially_correct,,"{""score"": 1, ""label"": ""partially_correct""}"
Fine-tuned (FT)||221||ad3946b4e5,4,fully_correct,,"{""score"": 4, ""label"": ""fully_correct""}"
Fine-tuned (FT)||222||84029fb274,4,fully_correct,,"{""score"": 4, ""label"": ""fully_correct""}"
Fine-tuned (FT)||223||2042a585a9,4,fully_correct,,"{""score"": 4, ""label"": ""fully_correct""}"
Fine-tuned (FT)||224||4e05f9411a,1,partially_correct,,"{""score"": 1, ""label"": ""partially_correct""}"
Fine-tuned (FT)||225||7d673291ec,4,fully_correct,,"{""score"": 4, ""label"": ""fully_correct""}"
Fine-tuned (FT)||226||f9c69e4458,4,fully_correct,,"{""score"": 4, ""label"": ""fully_correct""}"
Fine-tuned (FT)||227||cfdbe519e5,1,partially_correct,,"{""score"": 1, ""label"": ""partially_correct""}"
Fine-tuned (FT)||228||66335ab133,4,fully_correct,,"{""score"": 4, ""label"": ""fully_correct""}"
Fine-tuned (FT)||229||a18f0c1c91,4,fully_correct,,"{""score"": 4, ""label"": ""fully_correct""}"
Fine-tuned (FT)||230||dbbaaf22ed,1,partially_correct,,"{""score"": 1, ""label"": ""partially_correct""}"
Fine-tuned (FT)||231||4a598402cd,1,partially_correct,,"{""score"": 1, ""label"": ""partially_correct""}"
Fine-tuned (FT)||232||2f20e6be2f,4,fully_correct,,"{""score"": 4, ""label"": ""fully_correct""}"
Fine-tuned (FT)||233||c57c5fe4a7,4,fully_correct,,"{""score"": 4, ""label"": ""fully_correct""}"
Fine-tuned (FT)||234||350e651b6d,1,partially_correct,,"{""score"": 1, ""label"": ""partially_correct""}"
Fine-tuned (FT)||235||f8b2ec3088,1,partially_correct,,"{""score"": 1, ""label"": ""partially_correct""}"
Fine-tuned (FT)||236||b1ef75b09b,1,partially_correct,,"{""score"": 1, ""label"": ""partially_correct""}"
Fine-tuned (FT)||237||436f4a7963,4,fully_correct,,"{""score"": 4, ""label"": ""fully_correct""}"
Fine-tuned (FT)||238||0111d026cf,4,fully_correct,,"{""score"": 4, ""label"": ""fully_correct""}"
Fine-tuned (FT)||239||42ccb78e62,4,fully_correct,,"{""score"": 4, ""label"": ""fully_correct""}"
Fine-tuned (FT)||240||b13612ae34,4,fully_correct,,"{""score"": 4, ""label"": ""fully_correct""}"
Fine-tuned (FT)||241||1b5cb33447,4,fully_correct,,"{""score"": 4, ""label"": ""fully_correct""}"
Fine-tuned (FT)||242||1871ab5a9f,4,fully_correct,,"{""score"": 4, ""label"": ""fully_correct""}"
Fine-tuned (FT)||243||bec40b2378,1,partially_correct,,"{""score"": 1, ""label"": ""partially_correct""}"
Fine-tuned (FT)||244||63dbdf864c,1,partially_correct,,"{""score"": 1, ""label"": ""partially_correct""}"
Fine-tuned (FT)||245||d18951f43e,1,partially_correct,,"{""score"": 1, ""label"": ""partially_correct""}"
Fine-tuned (FT)||246||8a2ee35711,1,partially_correct,,"{""score"": 1, ""label"": ""partially_correct""}"
Fine-tuned (FT)||247||fd3603548c,4,fully_correct,,"{""score"": 4, ""label"": ""fully_correct""}"
Fine-tuned (FT)||248||c0259ca0b7,4,fully_correct,,"{""score"": 4, ""label"": ""fully_correct""}"
Fine-tuned (FT)||249||8ad5c0c4f4,4,fully_correct,,"{""score"": 4, ""label"": ""fully_correct""}"
Fine-tuned (FT)||250||c8cdf4dc1a,1,partially_correct,,"{""score"": 1, ""label"": ""partially_correct""}"
Fine-tuned (FT)||251||6fde0f7173,4,fully_correct,,"{""score"": 4, ""label"": ""fully_correct""}"
Fine-tuned (FT)||252||6830cd6d55,1,partially_correct,,"{""score"": 1, ""label"": ""partially_correct""}"
Fine-tuned (FT)||253||cb857ac1ab,4,fully_correct,,"{""score"": 4, ""label"": ""fully_correct""}"
Fine-tuned (FT)||254||13a008fefe,4,fully_correct,,"{""score"": 4, ""label"": ""fully_correct""}"
Fine-tuned (FT)||255||1d3c703562,4,fully_correct,,"{""score"": 4, ""label"": ""fully_correct""}"
Fine-tuned (FT)||256||f92111b3bb,4,fully_correct,,"{""score"": 4, ""label"": ""fully_correct""}"
Fine-tuned (FT)||257||ea5d382b45,4,fully_correct,,"{""score"": 4, ""label"": ""fully_correct""}"
Fine-tuned (FT)||258||18cf6f813e,1,partially_correct,,"{""score"": 1, ""label"": ""partially_correct""}"
Fine-tuned (FT)||259||2e820d1f34,1,partially_correct,,"{""score"": 1, ""label"": ""partially_correct""}"
Fine-tuned (FT)||260||187063182d,4,fully_correct,,"{""score"": 4, ""label"": ""fully_correct""}"
Fine-tuned (FT)||261||be2a5cdf87,4,fully_correct,,"{""score"": 4, ""label"": ""fully_correct""}"
Fine-tuned (FT)||262||13b2d8f4ed,4,fully_correct,,"{""score"": 4, ""label"": ""fully_correct""}"
Fine-tuned (FT)||263||2b667b898e,1,partially_correct,,"{""score"": 1, ""label"": ""partially_correct""}"
Fine-tuned (FT)||264||b768504835,4,fully_correct,,"{""score"": 4, ""label"": ""fully_correct""}"
Fine-tuned (FT)||265||6f62a768ca,1,partially_correct,,"{""score"": 1, ""label"": ""partially_correct""}"
Fine-tuned (FT)||266||e9323809d9,4,fully_correct,,"{""score"": 4, ""label"": ""fully_correct""}"
Fine-tuned (FT)||267||6ba12a0aa8,4,fully_correct,,"{""score"": 4, ""label"": ""fully_correct""}"
Fine-tuned (FT)||268||5dba44b807,4,fully_correct,,"{""score"": 4, ""label"": ""fully_correct""}"
Fine-tuned (FT)||269||d8ad1b76e0,1,partially_correct,,"{""score"": 1, ""label"": ""partially_correct""}"
Fine-tuned (FT)||270||53199f6cea,1,partially_correct,,"{""score"": 1, ""label"": ""partially_correct""}"
Fine-tuned (FT)||271||3e5fb1703d,4,fully_correct,,"{""score"": 4, ""label"": ""fully_correct""}"
Fine-tuned (FT)||272||6b849deb8c,4,fully_correct,,"{""score"": 4, ""label"": ""fully_correct""}"
Fine-tuned (FT)||273||4c305e92f3,4,fully_correct,,"{""score"": 4, ""label"": ""fully_correct""}"
Fine-tuned (FT)||274||8b39c510f4,1,partially_correct,,"{""score"": 1, ""label"": ""partially_correct""}"
Fine-tuned (FT)||275||11b8f16bb8,4,fully_correct,,"{""score"": 4, ""label"": ""fully_correct""}"
Fine-tuned (FT)||276||167d08e30d,1,partially_correct,,"{""score"": 1, ""label"": ""partially_correct""}"
Fine-tuned (FT)||277||c7ab81cf4e,4,fully_correct,,"{""score"": 4, ""label"": ""fully_correct""}"
Fine-tuned (FT)||278||4ce8f33234,4,fully_correct,,"{""score"": 4, ""label"": ""fully_correct""}"
Fine-tuned (FT)||279||965b62b785,1,partially_correct,,"{""score"": 1, ""label"": ""partially_correct""}"
Fine-tuned (FT)||280||d0b3a7ee25,1,partially_correct,,"{""score"": 1, ""label"": ""partially_correct""}"
Fine-tuned (FT)||281||156ea9034b,4,fully_correct,,"{""score"": 4, ""label"": ""fully_correct""}"
Fine-tuned (FT)||282||2a7267d03a,4,fully_correct,,"{""score"": 4, ""label"": ""fully_correct""}"
Fine-tuned (FT)||283||0d8b25ca52,4,fully_correct,,"{""score"": 4, ""label"": ""fully_correct""}"
Fine-tuned (FT)||284||0a14b0563c,4,fully_correct,,"{""score"": 4, ""label"": ""fully_correct""}"
Fine-tuned (FT)||285||239d508830,4,fully_correct,,"{""score"": 4, ""label"": ""fully_correct""}"
Fine-tuned (FT)||286||bec99863e9,1,partially_correct,,"{""score"": 1, ""label"": ""partially_correct""}"
Fine-tuned (FT)||287||c09eb15fec,4,fully_correct,,"{""score"": 4, ""label"": ""fully_correct""}"
Fine-tuned (FT)||288||1a3bd25817,4,fully_correct,,"{""score"": 4, ""label"": ""fully_correct""}"
Fine-tuned (FT)||289||55e22aeb9c,1,partially_correct,,"{""score"": 1, ""label"": ""partially_correct""}"
Fine-tuned (FT)||290||cfde5f8d80,4,fully_correct,,"{""score"": 4, ""label"": ""fully_correct""}"
Fine-tuned (FT)||291||edd326d25c,4,fully_correct,,"{""score"": 4, ""label"": ""fully_correct""}"
Fine-tuned (FT)||292||f88426b143,1,partially_correct,,"{""score"": 1, ""label"": ""partially_correct""}"
Fine-tuned (FT)||293||b0c09ad34a,1,partially_correct,,"{""score"": 1, ""label"": ""partially_correct""}"
Fine-tuned (FT)||294||563d9cf2d2,1,partially_correct,,"{""score"": 1, ""label"": ""partially_correct""}"
Fine-tuned (FT)||295||c6df23d757,1,partially_correct,,"{""score"": 1, ""label"": ""partially_correct""}"
Fine-tuned (FT)||296||d19a682e27,1,partially_correct,,"{""score"": 1, ""label"": ""partially_correct""}"
Fine-tuned (FT)||297||a194ffa34c,4,fully_correct,,"{""score"": 4, ""label"": ""fully_correct""}"
Fine-tuned (FT)||298||59622111e1,1,partially_correct,,"{""score"": 1, ""label"": ""partially_correct""}"
Fine-tuned (FT)||299||c440969879,4,fully_correct,,"{""score"": 4, ""label"": ""fully_correct""}"
Fine-tuned (FT)||300||13567b79da,4,fully_correct,,"{""score"": 4, ""label"": ""fully_correct""}"
Fine-tuned (FT)||301||2e93b27da8,1,partially_correct,,"{""score"": 1, ""label"": ""partially_correct""}"
Fine-tuned (FT)||302||272ce6d5cb,1,partially_correct,,"{""score"": 1, ""label"": ""partially_correct""}"
Fine-tuned (FT)||303||11714b8666,4,fully_correct,,"{""score"": 4, ""label"": ""fully_correct""}"
Fine-tuned (FT)||304||71bd73a0e8,4,fully_correct,,"{""score"": 4, ""label"": ""fully_correct""}"
Fine-tuned (FT)||305||c8e712b1c1,1,partially_correct,,"{""score"": 1, ""label"": ""partially_correct""}"
Fine-tuned (FT)||306||81f9348664,1,partially_correct,,"{""score"": 1, ""label"": ""partially_correct""}"
Fine-tuned (FT)||307||61bf9d9582,1,partially_correct,,"{""score"": 1, ""label"": ""partially_correct""}"
Fine-tuned (FT)||308||ae58f4640d,1,partially_correct,,"{""score"": 1, ""label"": ""partially_correct""}"
Fine-tuned (FT)||309||db3ed9aef1,4,fully_correct,,"{""score"": 4, ""label"": ""fully_correct""}"
Fine-tuned (FT)||310||5329d9e300,1,partially_correct,,"{""score"": 1, ""label"": ""partially_correct""}"
Fine-tuned (FT)||311||41b98e0b49,4,fully_correct,,"{""score"": 4, ""label"": ""fully_correct""}"
Fine-tuned (FT)||312||135ba990a8,4,fully_correct,,"{""score"": 4, ""label"": ""fully_correct""}"
Fine-tuned (FT)||313||8dd9c365b5,1,partially_correct,,"{""score"": 1, ""label"": ""partially_correct""}"
Fine-tuned (FT)||314||8d5e3bb969,4,fully_correct,,"{""score"": 4, ""label"": ""fully_correct""}"
Fine-tuned (FT)||315||5882fadf2e,4,fully_correct,,"{""score"": 4, ""label"": ""fully_correct""}"
Fine-tuned (FT)||316||6db2d25deb,4,fully_correct,,"{""score"": 4, ""label"": ""fully_correct""}"
Fine-tuned (FT)||317||a504c9bbc8,4,fully_correct,,"{""score"": 4, ""label"": ""fully_correct""}"
Fine-tuned (FT)||318||157214d2bf,4,fully_correct,,"{""score"": 4, ""label"": ""fully_correct""}"
Fine-tuned (FT)||319||a6e68b04b8,1,partially_correct,,"{""score"": 1, ""label"": ""partially_correct""}"
Fine-tuned (FT)||320||c314cc99fc,1,partially_correct,,"{""score"": 1, ""label"": ""partially_correct""}"
Fine-tuned (FT)||321||03f76dc56c,1,partially_correct,,"{""score"": 1, ""label"": ""partially_correct""}"
Fine-tuned (FT)||322||ee68dd77d5,4,fully_correct,,"{""score"": 4, ""label"": ""fully_correct""}"
Fine-tuned (FT)||323||0b9f2f5fb9,4,fully_correct,,"{""score"": 4, ""label"": ""fully_correct""}"
Fine-tuned (FT)||324||83ccc49acc,1,partially_correct,,"{""score"": 1, ""label"": ""partially_correct""}"
Fine-tuned (FT)||325||28f447fe37,1,partially_correct,,"{""score"": 1, ""label"": ""partially_correct""}"
Fine-tuned (FT)||326||2cd0c66997,1,partially_correct,,"{""score"": 1, ""label"": ""partially_correct""}"
Fine-tuned (FT)||327||13bb104c8a,4,fully_correct,,"{""score"": 4, ""label"": ""fully_correct""}"
Fine-tuned (FT)||328||f447a95ba5,4,fully_correct,,"{""score"": 4, ""label"": ""fully_correct""}"
Fine-tuned (FT)||329||eecec51f5f,1,partially_correct,,"{""score"": 1, ""label"": ""partially_correct""}"
Fine-tuned (FT)||330||281a841807,1,partially_correct,,"{""score"": 1, ""label"": ""partially_correct""}"
Fine-tuned (FT)||331||ba223aaa0d,4,fully_correct,,"{""score"": 4, ""label"": ""fully_correct""}"
Fine-tuned (FT)||332||683a857ffc,1,partially_correct,,"{""score"": 1, ""label"": ""partially_correct""}"
FT + RAG||0||4ae697ad37,1,partially_correct,,"{""score"": 1, ""label"": ""partially_correct""}"
FT + RAG||1||fe5353718d,1,partially_correct,,"{""score"": 1, ""label"": ""partially_correct""}"
FT + RAG||2||2bdd5f2f37,1,partially_correct,,"{""score"": 1, ""label"": ""partially_correct""}"
FT + RAG||3||3c2c346dbd,1,partially_correct,,"{""score"": 1, ""label"": ""partially_correct""}"
FT + RAG||4||679a27f4fd,4,fully_correct,,"{""score"": 4, ""label"": ""fully_correct""}"
FT + RAG||5||6af5b4d57f,1,partially_correct,,"{""score"": 1, ""label"": ""partially_correct""}"
FT + RAG||6||8e0a896a0f,4,fully_correct,,"{""score"": 4, ""label"": ""fully_correct""}"
FT + RAG||7||b46a44166f,1,partially_correct,,"{""score"": 1, ""label"": ""partially_correct""}"
FT + RAG||8||6826dccab6,1,partially_correct,,"{""score"": 1, ""label"": ""partially_correct""}"
FT + RAG||9||dac90e257a,4,fully_correct,,"{""score"": 4, ""label"": ""fully_correct""}"
FT + RAG||10||f0d0d5d032,4,fully_correct,,"{""score"": 4, ""label"": ""fully_correct""}"
FT + RAG||11||cce3d86c5c,4,fully_correct,,"{""score"": 4, ""label"": ""fully_correct""}"
FT + RAG||12||31a4ca543f,1,partially_correct,,"{""score"": 1, ""label"": ""partially_correct""}"
FT + RAG||13||fb0fa3c5eb,4,fully_correct,,"{""score"": 4, ""label"": ""fully_correct""}"
FT + RAG||14||77c0fd9c43,1,partially_correct,,"{""score"": 1, ""label"": ""partially_correct""}"
FT + RAG||15||d486f546e9,1,partially_correct,,"{""score"": 1, ""label"": ""partially_correct""}"
FT + RAG||16||95e12d1162,4,fully_correct,,"{""score"": 4, ""label"": ""fully_correct""}"
FT + RAG||17||065cbe2e3b,4,fully_correct,,"{""score"": 4, ""label"": ""fully_correct""}"
FT + RAG||18||3970c9312f,1,partially_correct,,"{""score"": 1, ""label"": ""partially_correct""}"
FT + RAG||19||b9a2883dd6,4,fully_correct,,"{""score"": 4, ""label"": ""fully_correct""}"
FT + RAG||20||39d7241511,4,fully_correct,,"{""score"": 4, ""label"": ""fully_correct""}"
FT + RAG||21||8dd7bda391,1,partially_correct,,"{""score"": 1, ""label"": ""partially_correct""}"
FT + RAG||22||41586aa496,4,fully_correct,,"{""score"": 4, ""label"": ""fully_correct""}"
FT + RAG||23||785474bd03,1,partially_correct,,"{""score"": 1, ""label"": ""partially_correct""}"
FT + RAG||24||f37de1d7b6,1,partially_correct,,"{""score"": 1, ""label"": ""partially_correct""}"
FT + RAG||25||0392f972c0,4,fully_correct,,"{""score"": 4, ""label"": ""fully_correct""}"
FT + RAG||26||cd3a287315,4,fully_correct,,"{""score"": 4, ""label"": ""fully_correct""}"
FT + RAG||27||e3ab206b82,1,partially_correct,,"{""score"": 1, ""label"": ""partially_correct""}"
FT + RAG||28||f96258c738,1,partially_correct,,"{""score"": 1, ""label"": ""partially_correct""}"
FT + RAG||29||02faa30eab,1,partially_correct,,"{""score"": 1, ""label"": ""partially_correct""}"
FT + RAG||30||4b3c6df306,1,partially_correct,,"{""score"": 1, ""label"": ""partially_correct""}"
FT + RAG||31||1b1af82061,1,partially_correct,,"{""score"": 1, ""label"": ""partially_correct""}"
FT + RAG||32||41a68a69fe,4,fully_correct,,"{""score"": 4, ""label"": ""fully_correct""}"
FT + RAG||33||96c7c5e8c0,1,partially_correct,,"{""score"": 1, ""label"": ""partially_correct""}"
FT + RAG||34||a37d967096,4,fully_correct,,"{""score"": 4, ""label"": ""fully_correct""}"
FT + RAG||35||ad80457986,1,partially_correct,,"{""score"": 1, ""label"": ""partially_correct""}"
FT + RAG||36||0849b668e6,4,fully_correct,,"{""score"": 4, ""label"": ""fully_correct""}"
FT + RAG||37||43d6335917,4,fully_correct,,"{""score"": 4, ""label"": ""fully_correct""}"
FT + RAG||38||4ebd2b06ba,1,partially_correct,,"{""score"": 1, ""label"": ""partially_correct""}"
FT + RAG||39||913effc120,4,fully_correct,,"{""score"": 4, ""label"": ""fully_correct""}"
FT + RAG||40||c715731efe,4,fully_correct,,"{""score"": 4, ""label"": ""fully_correct""}"
FT + RAG||41||77021048e2,4,fully_correct,,"{""score"": 4, ""label"": ""fully_correct""}"
FT + RAG||42||4275d66610,1,partially_correct,,"{""score"": 1, ""label"": ""partially_correct""}"
FT + RAG||43||78616867b4,4,fully_correct,,"{""score"": 4, ""label"": ""fully_correct""}"
FT + RAG||44||2ec1683d48,1,partially_correct,,"{""score"": 1, ""label"": ""partially_correct""}"
FT + RAG||45||029028160a,4,fully_correct,,"{""score"": 4, ""label"": ""fully_correct""}"
FT + RAG||46||8c3f7e84ce,1,partially_correct,,"{""score"": 1, ""label"": ""partially_correct""}"
FT + RAG||47||b0b60fbe60,4,fully_correct,,"{""score"": 4, ""label"": ""fully_correct""}"
FT + RAG||48||3887266846,4,fully_correct,,"{""score"": 4, ""label"": ""fully_correct""}"
FT + RAG||49||222ee80d43,1,partially_correct,,"{""score"": 1, ""label"": ""partially_correct""}"
FT + RAG||50||288ae6854e,1,partially_correct,,"{""score"": 1, ""label"": ""partially_correct""}"
FT + RAG||51||cc7461bee5,1,partially_correct,,"{""score"": 1, ""label"": ""partially_correct""}"
FT + RAG||52||4d57b96e6c,1,partially_correct,,"{""score"": 1, ""label"": ""partially_correct""}"
FT + RAG||53||4bb0e675b0,1,partially_correct,,"{""score"": 1, ""label"": ""partially_correct""}"
FT + RAG||54||827c6d770d,4,fully_correct,,"{""score"": 4, ""label"": ""fully_correct""}"
FT + RAG||55||b89ec0a15d,4,fully_correct,,"{""score"": 4, ""label"": ""fully_correct""}"
FT + RAG||56||2fa3e87b9a,4,fully_correct,,"{""score"": 4, ""label"": ""fully_correct""}"
FT + RAG||57||ffb85296d8,1,partially_correct,,"{""score"": 1, ""label"": ""partially_correct""}"
FT + RAG||58||4e30e31b87,1,partially_correct,,"{""score"": 1, ""label"": ""partially_correct""}"
FT + RAG||59||b6292bd6ac,1,partially_correct,,"{""score"": 1, ""label"": ""partially_correct""}"
FT + RAG||60||485ca51926,4,fully_correct,,"{""score"": 4, ""label"": ""fully_correct""}"
FT + RAG||61||3aa9b825f3,1,partially_correct,,"{""score"": 1, ""label"": ""partially_correct""}"
FT + RAG||62||d7ad853dd5,4,fully_correct,,"{""score"": 4, ""label"": ""fully_correct""}"
FT + RAG||63||2eecd95599,4,fully_correct,,"{""score"": 4, ""label"": ""fully_correct""}"
FT + RAG||64||1770a5f108,4,fully_correct,,"{""score"": 4, ""label"": ""fully_correct""}"
FT + RAG||65||ee94e645a2,1,partially_correct,,"{""score"": 1, ""label"": ""partially_correct""}"
FT + RAG||66||6f88a6acc8,1,partially_correct,,"{""score"": 1, ""label"": ""partially_correct""}"
FT + RAG||67||83225f770b,1,partially_correct,,"{""score"": 1, ""label"": ""partially_correct""}"
FT + RAG||68||416781628b,4,fully_correct,,"{""score"": 4, ""label"": ""fully_correct""}"
FT + RAG||69||4ed1e7572e,1,partially_correct,,"{""score"": 1, ""label"": ""partially_correct""}"
FT + RAG||70||00e2c08c02,4,fully_correct,,"{""score"": 4, ""label"": ""fully_correct""}"
FT + RAG||71||8a0ca59512,1,partially_correct,,"{""score"": 1, ""label"": ""partially_correct""}"
FT + RAG||72||8fce55ef80,1,partially_correct,,"{""score"": 1, ""label"": ""partially_correct""}"
FT + RAG||73||c3a1cc6434,1,partially_correct,,"{""score"": 1, ""label"": ""partially_correct""}"
FT + RAG||74||c7d020b712,1,partially_correct,,"{""score"": 1, ""label"": ""partially_correct""}"
FT + RAG||75||77a9bd3da0,4,fully_correct,,"{""score"": 4, ""label"": ""fully_correct""}"
FT + RAG||76||df22f93901,4,fully_correct,,"{""score"": 4, ""label"": ""fully_correct""}"
FT + RAG||77||4e18c7cc5a,1,partially_correct,,"{""score"": 1, ""label"": ""partially_correct""}"
FT + RAG||78||35045ea969,1,partially_correct,,"{""score"": 1, ""label"": ""partially_correct""}"
FT + RAG||79||f230b92909,4,fully_correct,,"{""score"": 4, ""label"": ""fully_correct""}"
FT + RAG||80||8f203e7a24,1,partially_correct,,"{""score"": 1, ""label"": ""partially_correct""}"
FT + RAG||81||67e35e6344,1,partially_correct,,"{""score"": 1, ""label"": ""partially_correct""}"
FT + RAG||82||e96de34f93,1,partially_correct,,"{""score"": 1, ""label"": ""partially_correct""}"
FT + RAG||83||8530149079,4,fully_correct,,"{""score"": 4, ""label"": ""fully_correct""}"
FT + RAG||84||1931195928,1,partially_correct,,"{""score"": 1, ""label"": ""partially_correct""}"
FT + RAG||85||e18ac7a361,1,partially_correct,,"{""score"": 1, ""label"": ""partially_correct""}"
FT + RAG||86||8ffef7b0a3,1,partially_correct,,"{""score"": 1, ""label"": ""partially_correct""}"
FT + RAG||87||9dad13dcf6,1,partially_correct,,"{""score"": 1, ""label"": ""partially_correct""}"
FT + RAG||88||ab4d26deb9,1,partially_correct,,"{""score"": 1, ""label"": ""partially_correct""}"
FT + RAG||89||d6a53afc1f,1,partially_correct,,"{""score"": 1, ""label"": ""partially_correct""}"
FT + RAG||90||c418e5eeb5,1,partially_correct,,"{""score"": 1, ""label"": ""partially_correct""}"
FT + RAG||91||0499d6c31e,1,partially_correct,,"{""score"": 1, ""label"": ""partially_correct""}"
FT + RAG||92||eda659cd49,1,partially_correct,,"{""score"": 1, ""label"": ""partially_correct""}"
FT + RAG||93||cb267cab38,1,partially_correct,,"{""score"": 1, ""label"": ""partially_correct""}"
FT + RAG||94||c8a5b18d2b,4,fully_correct,,"{""score"": 4, ""label"": ""fully_correct""}"
FT + RAG||95||9deaa5f61f,4,fully_correct,,"{""score"": 4, ""label"": ""fully_correct""}"
FT + RAG||96||b66874e8ee,1,partially_correct,,"{""score"": 1, ""label"": ""partially_correct""}"
FT + RAG||97||6dc4516f53,4,fully_correct,,"{""score"": 4, ""label"": ""fully_correct""}"
FT + RAG||98||436361a1a1,4,fully_correct,,"{""score"": 4, ""label"": ""fully_correct""}"
FT + RAG||99||82d785a291,4,fully_correct,,"{""score"": 4, ""label"": ""fully_correct""}"
FT + RAG||100||af587c0720,1,partially_correct,,"{""score"": 1, ""label"": ""partially_correct""}"
FT + RAG||101||984f926972,1,partially_correct,,"{""score"": 1, ""label"": ""partially_correct""}"
FT + RAG||102||7f38796f86,1,partially_correct,,"{""score"": 1, ""label"": ""partially_correct""}"
FT + RAG||103||01063a0acc,1,partially_correct,,"{""score"": 1, ""label"": ""partially_correct""}"
FT + RAG||104||99a1b884fa,1,partially_correct,,"{""score"": 1, ""label"": ""partially_correct""}"
FT + RAG||105||6f8493bc4f,1,partially_correct,,"{""score"": 1, ""label"": ""partially_correct""}"
FT + RAG||106||1087f08e78,1,partially_correct,,"{""score"": 1, ""label"": ""partially_correct""}"
FT + RAG||107||bad1e59468,4,fully_correct,,"{""score"": 4, ""label"": ""fully_correct""}"
FT + RAG||108||a36089caeb,4,fully_correct,,"{""score"": 4, ""label"": ""fully_correct""}"
FT + RAG||109||9fab65fed8,4,fully_correct,,"{""score"": 4, ""label"": ""fully_correct""}"
FT + RAG||110||b14d515357,4,fully_correct,,"{""score"": 4, ""label"": ""fully_correct""}"
FT + RAG||111||22e3a2f876,1,partially_correct,,"{""score"": 1, ""label"": ""partially_correct""}"
FT + RAG||112||2779333e18,1,partially_correct,,"{""score"": 1, ""label"": ""partially_correct""}"
FT + RAG||113||501bdc812b,4,fully_correct,,"{""score"": 4, ""label"": ""fully_correct""}"
FT + RAG||114||eb530ba118,1,partially_correct,,"{""score"": 1, ""label"": ""partially_correct""}"
FT + RAG||115||36b820ca03,1,partially_correct,,"{""score"": 1, ""label"": ""partially_correct""}"
FT + RAG||116||648a6d9fb2,1,partially_correct,,"{""score"": 1, ""label"": ""partially_correct""}"
FT + RAG||117||6ea76da7b2,1,partially_correct,,"{""score"": 1, ""label"": ""partially_correct""}"
FT + RAG||118||ef3e00646a,1,partially_correct,,"{""score"": 1, ""label"": ""partially_correct""}"
FT + RAG||119||1c752ce633,4,fully_correct,,"{""score"": 4, ""label"": ""fully_correct""}"
FT + RAG||120||2a4f601632,4,fully_correct,,"{""score"": 4, ""label"": ""fully_correct""}"
FT + RAG||121||2ecaeebb4e,4,fully_correct,,"{""score"": 4, ""label"": ""fully_correct""}"
FT + RAG||122||3450dbc8b7,1,partially_correct,,"{""score"": 1, ""label"": ""partially_correct""}"
FT + RAG||123||a7eb37cc5c,0,incorrect,,"{""score"": 0, ""label"": ""incorrect""}"
FT + RAG||124||1e754043e2,4,fully_correct,,"{""score"": 4, ""label"": ""fully_correct""}"
FT + RAG||125||cdafd2b481,1,partially_correct,,"{""score"": 1, ""label"": ""partially_correct""}"
FT + RAG||126||6061b8a43d,4,fully_correct,,"{""score"": 4, ""label"": ""fully_correct""}"
FT + RAG||127||6e1ba3cb01,1,partially_correct,,"{""score"": 1, ""label"": ""partially_correct""}"
FT + RAG||128||01ce4e2345,1,partially_correct,,"{""score"": 1, ""label"": ""partially_correct""}"
FT + RAG||129||19cc96dd86,4,fully_correct,,"{""score"": 4, ""label"": ""fully_correct""}"
FT + RAG||130||b28f001919,4,fully_correct,,"{""score"": 4, ""label"": ""fully_correct""}"
FT + RAG||131||00406cf980,1,partially_correct,,"{""score"": 1, ""label"": ""partially_correct""}"
FT + RAG||132||d275370ded,4,fully_correct,,"{""score"": 4, ""label"": ""fully_correct""}"
FT + RAG||133||7e38eafcb3,1,partially_correct,,"{""score"": 1, ""label"": ""partially_correct""}"
FT + RAG||134||52ff2ee0d3,1,partially_correct,,"{""score"": 1, ""label"": ""partially_correct""}"
FT + RAG||135||203016ab87,4,fully_correct,,"{""score"": 4, ""label"": ""fully_correct""}"
FT + RAG||136||d1656ab901,1,partially_correct,,"{""score"": 1, ""label"": ""partially_correct""}"
FT + RAG||137||a0eb98ed09,4,fully_correct,,"{""score"": 4, ""label"": ""fully_correct""}"
FT + RAG||138||a08d4bdb43,1,partially_correct,,"{""score"": 1, ""label"": ""partially_correct""}"
FT + RAG||139||adf1b76418,4,fully_correct,,"{""score"": 4, ""label"": ""fully_correct""}"
FT + RAG||140||9f3a9b99ab,1,partially_correct,,"{""score"": 1, ""label"": ""partially_correct""}"
FT + RAG||141||73f341b7b6,1,partially_correct,,"{""score"": 1, ""label"": ""partially_correct""}"
FT + RAG||142||3781e69b92,1,partially_correct,,"{""score"": 1, ""label"": ""partially_correct""}"
FT + RAG||143||d01ecc9efe,1,partially_correct,,"{""score"": 1, ""label"": ""partially_correct""}"
FT + RAG||144||46f710fea7,1,partially_correct,,"{""score"": 1, ""label"": ""partially_correct""}"
FT + RAG||145||9581e3aa70,1,partially_correct,,"{""score"": 1, ""label"": ""partially_correct""}"
FT + RAG||146||529e9fcf78,4,fully_correct,,"{""score"": 4, ""label"": ""fully_correct""}"
FT + RAG||147||680993f14c,1,partially_correct,,"{""score"": 1, ""label"": ""partially_correct""}"
FT + RAG||148||086cae672f,1,partially_correct,,"{""score"": 1, ""label"": ""partially_correct""}"
FT + RAG||149||7df9b88add,4,fully_correct,,"{""score"": 4, ""label"": ""fully_correct""}"
FT + RAG||150||7071ef2689,1,partially_correct,,"{""score"": 1, ""label"": ""partially_correct""}"
FT + RAG||151||ec05d49962,1,partially_correct,,"{""score"": 1, ""label"": ""partially_correct""}"
FT + RAG||152||5394cced7e,4,fully_correct,,"{""score"": 4, ""label"": ""fully_correct""}"
FT + RAG||153||5a67d0f8a8,4,fully_correct,,"{""score"": 4, ""label"": ""fully_correct""}"
FT + RAG||154||668e7eed6b,1,partially_correct,,"{""score"": 1, ""label"": ""partially_correct""}"
FT + RAG||155||cdd4d8325e,1,partially_correct,,"{""score"": 1, ""label"": ""partially_correct""}"
FT + RAG||156||b690adb51e,1,partially_correct,,"{""score"": 1, ""label"": ""partially_correct""}"
FT + RAG||157||d9d6b83914,4,fully_correct,,"{""score"": 4, ""label"": ""fully_correct""}"
FT + RAG||158||877becd797,4,fully_correct,,"{""score"": 4, ""label"": ""fully_correct""}"
FT + RAG||159||8d2a3bbf7e,4,fully_correct,,"{""score"": 4, ""label"": ""fully_correct""}"
FT + RAG||160||22178f508d,4,fully_correct,,"{""score"": 4, ""label"": ""fully_correct""}"
FT + RAG||161||348312795e,1,partially_correct,,"{""score"": 1, ""label"": ""partially_correct""}"
FT + RAG||162||e1d2291554,4,fully_correct,,"{""score"": 4, ""label"": ""fully_correct""}"
FT + RAG||163||df84efa3b8,1,partially_correct,,"{""score"": 1, ""label"": ""partially_correct""}"
FT + RAG||164||4cbaa2fd47,4,fully_correct,,"{""score"": 4, ""label"": ""fully_correct""}"
FT + RAG||165||37faefecfc,1,partially_correct,,"{""score"": 1, ""label"": ""partially_correct""}"
FT + RAG||166||0774fdf91c,1,partially_correct,,"{""score"": 1, ""label"": ""partially_correct""}"
FT + RAG||167||c16da347da,4,fully_correct,,"{""score"": 4, ""label"": ""fully_correct""}"
FT + RAG||168||48d5395bda,1,partially_correct,,"{""score"": 1, ""label"": ""partially_correct""}"
FT + RAG||169||80dd068408,4,fully_correct,,"{""score"": 4, ""label"": ""fully_correct""}"
FT + RAG||170||02c1c5652b,1,partially_correct,,"{""score"": 1, ""label"": ""partially_correct""}"
FT + RAG||171||b25859477a,4,fully_correct,,"{""score"": 4, ""label"": ""fully_correct""}"
FT + RAG||172||24b5c04c5e,1,partially_correct,,"{""score"": 1, ""label"": ""partially_correct""}"
FT + RAG||173||fa6ad055b1,4,fully_correct,,"{""score"": 4, ""label"": ""fully_correct""}"
FT + RAG||174||21a86e104d,4,fully_correct,,"{""score"": 4, ""label"": ""fully_correct""}"
FT + RAG||175||e273cc3a84,4,fully_correct,,"{""score"": 4, ""label"": ""fully_correct""}"
FT + RAG||176||c18bbf71a9,1,partially_correct,,"{""score"": 1, ""label"": ""partially_correct""}"
FT + RAG||177||b86e2cff8a,4,fully_correct,,"{""score"": 4, ""label"": ""fully_correct""}"
FT + RAG||178||b85101ab12,4,fully_correct,,"{""score"": 4, ""label"": ""fully_correct""}"
FT + RAG||179||d5f2234a6d,4,fully_correct,,"{""score"": 4, ""label"": ""fully_correct""}"
FT + RAG||180||7c50ec73cb,1,partially_correct,,"{""score"": 1, ""label"": ""partially_correct""}"
FT + RAG||181||1c7df51d33,4,fully_correct,,"{""score"": 4, ""label"": ""fully_correct""}"
FT + RAG||182||d07a2e67a3,4,fully_correct,,"{""score"": 4, ""label"": ""fully_correct""}"
FT + RAG||183||84fc1dbfe0,1,partially_correct,,"{""score"": 1, ""label"": ""partially_correct""}"
FT + RAG||184||f3eb22f7ca,1,partially_correct,,"{""score"": 1, ""label"": ""partially_correct""}"
FT + RAG||185||b96d75a086,1,partially_correct,,"{""score"": 1, ""label"": ""partially_correct""}"
FT + RAG||186||fb24a7709c,1,partially_correct,,"{""score"": 1, ""label"": ""partially_correct""}"
FT + RAG||187||42e8842913,4,fully_correct,,"{""score"": 4, ""label"": ""fully_correct""}"
FT + RAG||188||fa05358ac0,1,partially_correct,,"{""score"": 1, ""label"": ""partially_correct""}"
FT + RAG||189||25e341f3a1,4,fully_correct,,"{""score"": 4, ""label"": ""fully_correct""}"
FT + RAG||190||6b13c090a2,1,partially_correct,,"{""score"": 1, ""label"": ""partially_correct""}"
FT + RAG||191||eec28f4d51,1,partially_correct,,"{""score"": 1, ""label"": ""partially_correct""}"
FT + RAG||192||930248dafa,1,partially_correct,,"{""score"": 1, ""label"": ""partially_correct""}"
FT + RAG||193||593cd4b07e,1,partially_correct,,"{""score"": 1, ""label"": ""partially_correct""}"
FT + RAG||194||3842be3add,1,partially_correct,,"{""score"": 1, ""label"": ""partially_correct""}"
FT + RAG||195||7ce94597b1,1,partially_correct,,"{""score"": 1, ""label"": ""partially_correct""}"
FT + RAG||196||9ea455dce8,4,fully_correct,,"{""score"": 4, ""label"": ""fully_correct""}"
FT + RAG||197||bf7c3c0b5f,4,fully_correct,,"{""score"": 4, ""label"": ""fully_correct""}"
FT + RAG||198||3bd1521afd,1,partially_correct,,"{""score"": 1, ""label"": ""partially_correct""}"
FT + RAG||199||800cee2b0b,4,fully_correct,,"{""score"": 4, ""label"": ""fully_correct""}"
FT + RAG||200||df7d562eb5,1,partially_correct,,"{""score"": 1, ""label"": ""partially_correct""}"
FT + RAG||201||77da71d4ee,1,partially_correct,,"{""score"": 1, ""label"": ""partially_correct""}"
FT + RAG||202||2d90302b53,1,partially_correct,,"{""score"": 1, ""label"": ""partially_correct""}"
FT + RAG||203||0edc034798,4,fully_correct,,"{""score"": 4, ""label"": ""fully_correct""}"
FT + RAG||204||7d45d43eb5,4,fully_correct,,"{""score"": 4, ""label"": ""fully_correct""}"
FT + RAG||205||36c2c884c0,4,fully_correct,,"{""score"": 4, ""label"": ""fully_correct""}"
FT + RAG||206||9cdde689ed,1,partially_correct,,"{""score"": 1, ""label"": ""partially_correct""}"
FT + RAG||207||81a21995ea,4,fully_correct,,"{""score"": 4, ""label"": ""fully_correct""}"
FT + RAG||208||cf3cc6708a,4,fully_correct,,"{""score"": 4, ""label"": ""fully_correct""}"
FT + RAG||209||55c422e9ba,1,partially_correct,,"{""score"": 1, ""label"": ""partially_correct""}"
FT + RAG||210||836b38c1d2,1,partially_correct,,"{""score"": 1, ""label"": ""partially_correct""}"
FT + RAG||211||e1bed40d09,4,fully_correct,,"{""score"": 4, ""label"": ""fully_correct""}"
FT + RAG||212||6554d0d551,4,fully_correct,,"{""score"": 4, ""label"": ""fully_correct""}"
FT + RAG||213||d87c10e451,4,fully_correct,,"{""score"": 4, ""label"": ""fully_correct""}"
FT + RAG||214||42360349a1,4,fully_correct,,"{""score"": 4, ""label"": ""fully_correct""}"
FT + RAG||215||b6f0ecc642,4,fully_correct,,"{""score"": 4, ""label"": ""fully_correct""}"
FT + RAG||216||5729cec2bc,1,partially_correct,,"{""score"": 1, ""label"": ""partially_correct""}"
FT + RAG||217||975ee19dbd,4,fully_correct,,"{""score"": 4, ""label"": ""fully_correct""}"
FT + RAG||218||b13d2d0fc3,4,fully_correct,,"{""score"": 4, ""label"": ""fully_correct""}"
FT + RAG||219||a85a900bf5,4,fully_correct,,"{""score"": 4, ""label"": ""fully_correct""}"
FT + RAG||220||1e0ba8d3d3,1,partially_correct,,"{""score"": 1, ""label"": ""partially_correct""}"
FT + RAG||221||f0c3a1ad2a,1,partially_correct,,"{""score"": 1, ""label"": ""partially_correct""}"
FT + RAG||222||6df552a8ac,1,partially_correct,,"{""score"": 1, ""label"": ""partially_correct""}"
FT + RAG||223||745cb9aff2,4,fully_correct,,"{""score"": 4, ""label"": ""fully_correct""}"
FT + RAG||224||fdeaf9c148,1,partially_correct,,"{""score"": 1, ""label"": ""partially_correct""}"
FT + RAG||225||edd92fd04c,4,fully_correct,,"{""score"": 4, ""label"": ""fully_correct""}"
FT + RAG||226||33427ac12e,4,fully_correct,,"{""score"": 4, ""label"": ""fully_correct""}"
FT + RAG||227||438b452d87,0,incorrect,,"{""score"": 0, ""label"": ""incorrect""}"
FT + RAG||228||71865b699b,4,fully_correct,,"{""score"": 4, ""label"": ""fully_correct""}"
FT + RAG||229||16958e30b8,1,partially_correct,,"{""score"": 1, ""label"": ""partially_correct""}"
FT + RAG||230||8e8339644a,1,partially_correct,,"{""score"": 1, ""label"": ""partially_correct""}"
FT + RAG||231||c1b631f35f,1,partially_correct,,"{""score"": 1, ""label"": ""partially_correct""}"
FT + RAG||232||f97f262824,4,fully_correct,,"{""score"": 4, ""label"": ""fully_correct""}"
FT + RAG||233||5df46722a4,1,partially_correct,,"{""score"": 1, ""label"": ""partially_correct""}"
FT + RAG||234||b53549a81a,4,fully_correct,,"{""score"": 4, ""label"": ""fully_correct""}"
FT + RAG||235||54ab0dce16,1,partially_correct,,"{""score"": 1, ""label"": ""partially_correct""}"
FT + RAG||236||ccb4889744,1,partially_correct,,"{""score"": 1, ""label"": ""partially_correct""}"
FT + RAG||237||6c3685140d,4,fully_correct,,"{""score"": 4, ""label"": ""fully_correct""}"
FT + RAG||238||8735f2769d,4,fully_correct,,"{""score"": 4, ""label"": ""fully_correct""}"
FT + RAG||239||2c7ebb08dd,4,fully_correct,,"{""score"": 4, ""label"": ""fully_correct""}"
FT + RAG||240||5d0fe0c6e7,1,partially_correct,,"{""score"": 1, ""label"": ""partially_correct""}"
FT + RAG||241||1c3336bb6a,4,fully_correct,,"{""score"": 4, ""label"": ""fully_correct""}"
FT + RAG||242||79a85fee31,4,fully_correct,,"{""score"": 4, ""label"": ""fully_correct""}"
FT + RAG||243||49e5ce55b3,4,fully_correct,,"{""score"": 4, ""label"": ""fully_correct""}"
FT + RAG||244||a349e0e023,1,partially_correct,,"{""score"": 1, ""label"": ""partially_correct""}"
FT + RAG||245||4299e1591d,1,partially_correct,,"{""score"": 1, ""label"": ""partially_correct""}"
FT + RAG||246||b31d4e1c9c,1,partially_correct,,"{""score"": 1, ""label"": ""partially_correct""}"
FT + RAG||247||9d6c87a961,1,partially_correct,,"{""score"": 1, ""label"": ""partially_correct""}"
FT + RAG||248||1005c25217,4,fully_correct,,"{""score"": 4, ""label"": ""fully_correct""}"
FT + RAG||249||9b25584376,4,fully_correct,,"{""score"": 4, ""label"": ""fully_correct""}"
FT + RAG||250||f482102973,1,partially_correct,,"{""score"": 1, ""label"": ""partially_correct""}"
FT + RAG||251||7e6b2dd079,1,partially_correct,,"{""score"": 1, ""label"": ""partially_correct""}"
FT + RAG||252||5aec239d66,4,fully_correct,,"{""score"": 4, ""label"": ""fully_correct""}"
FT + RAG||253||516f2b3e61,1,partially_correct,,"{""score"": 1, ""label"": ""partially_correct""}"
FT + RAG||254||bf780ba09a,4,fully_correct,,"{""score"": 4, ""label"": ""fully_correct""}"
FT + RAG||255||647a7c55ed,1,partially_correct,,"{""score"": 1, ""label"": ""partially_correct""}"
FT + RAG||256||13bb74cd59,4,fully_correct,,"{""score"": 4, ""label"": ""fully_correct""}"
FT + RAG||257||e24c77ceab,1,partially_correct,,"{""score"": 1, ""label"": ""partially_correct""}"
FT + RAG||258||cd83a899ed,1,partially_correct,,"{""score"": 1, ""label"": ""partially_correct""}"
FT + RAG||259||a8843df1ce,1,partially_correct,,"{""score"": 1, ""label"": ""partially_correct""}"
FT + RAG||260||80a2bc219f,4,fully_correct,,"{""score"": 4, ""label"": ""fully_correct""}"
FT + RAG||261||4f772e4061,1,partially_correct,,"{""score"": 1, ""label"": ""partially_correct""}"
FT + RAG||262||10b5e43181,4,fully_correct,,"{""score"": 4, ""label"": ""fully_correct""}"
FT + RAG||263||29574b28b0,1,partially_correct,,"{""score"": 1, ""label"": ""partially_correct""}"
FT + RAG||264||31f8db74b2,4,fully_correct,,"{""score"": 4, ""label"": ""fully_correct""}"
FT + RAG||265||2a1407e9ba,4,fully_correct,,"{""score"": 4, ""label"": ""fully_correct""}"
FT + RAG||266||82f05264ad,4,fully_correct,,"{""score"": 4, ""label"": ""fully_correct""}"
FT + RAG||267||8b0212daa3,4,fully_correct,,"{""score"": 4, ""label"": ""fully_correct""}"
FT + RAG||268||4628315126,4,fully_correct,,"{""score"": 4, ""label"": ""fully_correct""}"
FT + RAG||269||cb81517bed,4,fully_correct,,"{""score"": 4, ""label"": ""fully_correct""}"
FT + RAG||270||c925926bc6,1,partially_correct,,"{""score"": 1, ""label"": ""partially_correct""}"
FT + RAG||271||07725bde17,4,fully_correct,,"{""score"": 4, ""label"": ""fully_correct""}"
FT + RAG||272||bd6e643bdc,4,fully_correct,,"{""score"": 4, ""label"": ""fully_correct""}"
FT + RAG||273||25e9c9a1b3,1,partially_correct,,"{""score"": 1, ""label"": ""partially_correct""}"
FT + RAG||274||8f421da3fb,1,partially_correct,,"{""score"": 1, ""label"": ""partially_correct""}"
FT + RAG||275||8c43fbd688,4,fully_correct,,"{""score"": 4, ""label"": ""fully_correct""}"
FT + RAG||276||2bc7295244,1,partially_correct,,"{""score"": 1, ""label"": ""partially_correct""}"
FT + RAG||277||5178e70487,4,fully_correct,,"{""score"": 4, ""label"": ""fully_correct""}"
FT + RAG||278||fe9c34f433,1,partially_correct,,"{""score"": 1, ""label"": ""partially_correct""}"
FT + RAG||279||624ea07274,1,partially_correct,,"{""score"": 1, ""label"": ""partially_correct""}"
FT + RAG||280||91241e4214,4,fully_correct,,"{""score"": 4, ""label"": ""fully_correct""}"
FT + RAG||281||e707b4a900,4,fully_correct,,"{""score"": 4, ""label"": ""fully_correct""}"
FT + RAG||282||09f893a9f7,1,partially_correct,,"{""score"": 1, ""label"": ""partially_correct""}"
FT + RAG||283||4e81e95ae9,4,fully_correct,,"{""score"": 4, ""label"": ""fully_correct""}"
FT + RAG||284||5d8a4e4456,4,fully_correct,,"{""score"": 4, ""label"": ""fully_correct""}"
FT + RAG||285||a57f4e93bb,4,fully_correct,,"{""score"": 4, ""label"": ""fully_correct""}"
FT + RAG||286||8ba4edb48a,4,fully_correct,,"{""score"": 4, ""label"": ""fully_correct""}"
FT + RAG||287||f0e8512875,4,fully_correct,,"{""score"": 4, ""label"": ""fully_correct""}"
FT + RAG||288||97272bf441,4,fully_correct,,"{""score"": 4, ""label"": ""fully_correct""}"
FT + RAG||289||e31d0b993d,1,partially_correct,,"{""score"": 1, ""label"": ""partially_correct""}"
FT + RAG||290||8bd3251b6d,4,fully_correct,,"{""score"": 4, ""label"": ""fully_correct""}"
FT + RAG||291||67791351dd,1,partially_correct,,"{""score"": 1, ""label"": ""partially_correct""}"
FT + RAG||292||b2187a22d2,1,partially_correct,,"{""score"": 1, ""label"": ""partially_correct""}"
FT + RAG||293||34448ba613,1,partially_correct,,"{""score"": 1, ""label"": ""partially_correct""}"
FT + RAG||294||2167586a2b,1,partially_correct,,"{""score"": 1, ""label"": ""partially_correct""}"
FT + RAG||295||d790c84713,1,partially_correct,,"{""score"": 1, ""label"": ""partially_correct""}"
FT + RAG||296||5390cac931,1,partially_correct,,"{""score"": 1, ""label"": ""partially_correct""}"
FT + RAG||297||09b249571b,4,fully_correct,,"{""score"": 4, ""label"": ""fully_correct""}"
FT + RAG||298||5948751c3a,1,partially_correct,,"{""score"": 1, ""label"": ""partially_correct""}"
FT + RAG||299||87dfbdec4f,1,partially_correct,,"{""score"": 1, ""label"": ""partially_correct""}"
FT + RAG||300||f8258a10f7,1,partially_correct,,"{""score"": 1, ""label"": ""partially_correct""}"
FT + RAG||301||8608713ea9,4,fully_correct,,"{""score"": 4, ""label"": ""fully_correct""}"
FT + RAG||302||41498e7582,1,partially_correct,,"{""score"": 1, ""label"": ""partially_correct""}"
FT + RAG||303||497905fea5,1,partially_correct,,"{""score"": 1, ""label"": ""partially_correct""}"
FT + RAG||304||9167be5002,4,fully_correct,,"{""score"": 4, ""label"": ""fully_correct""}"
FT + RAG||305||e3aeb0612d,1,partially_correct,,"{""score"": 1, ""label"": ""partially_correct""}"
FT + RAG||306||e6d83bc6b1,1,partially_correct,,"{""score"": 1, ""label"": ""partially_correct""}"
FT + RAG||307||8b58605cca,1,partially_correct,,"{""score"": 1, ""label"": ""partially_correct""}"
FT + RAG||308||975003fe00,1,partially_correct,,"{""score"": 1, ""label"": ""partially_correct""}"
FT + RAG||309||fcea2c4365,4,fully_correct,,"{""score"": 4, ""label"": ""fully_correct""}"
FT + RAG||310||2a05e19e2c,4,fully_correct,,"{""score"": 4, ""label"": ""fully_correct""}"
FT + RAG||311||a21329a405,1,partially_correct,,"{""score"": 1, ""label"": ""partially_correct""}"
FT + RAG||312||5bec5595ab,4,fully_correct,,"{""score"": 4, ""label"": ""fully_correct""}"
FT + RAG||313||27be069172,1,partially_correct,,"{""score"": 1, ""label"": ""partially_correct""}"
FT + RAG||314||e3d899981a,4,fully_correct,,"{""score"": 4, ""label"": ""fully_correct""}"
FT + RAG||315||68a050a1e2,1,partially_correct,,"{""score"": 1, ""label"": ""partially_correct""}"
FT + RAG||316||931fd14823,4,fully_correct,,"{""score"": 4, ""label"": ""fully_correct""}"
FT + RAG||317||0b0636fd09,1,partially_correct,,"{""score"": 1, ""label"": ""partially_correct""}"
FT + RAG||318||eb01eb2511,4,fully_correct,,"{""score"": 4, ""label"": ""fully_correct""}"
FT + RAG||319||24eee9f5b7,1,partially_correct,,"{""score"": 1, ""label"": ""partially_correct""}"
FT + RAG||320||ce118d0d84,1,partially_correct,,"{""score"": 1, ""label"": ""partially_correct""}"
FT + RAG||321||0406d12277,1,partially_correct,,"{""score"": 1, ""label"": ""partially_correct""}"
FT + RAG||322||3f7f18ca92,4,fully_correct,,"{""score"": 4, ""label"": ""fully_correct""}"
FT + RAG||323||8dbb4b19f8,1,partially_correct,,"{""score"": 1, ""label"": ""partially_correct""}"
FT + RAG||324||38d7cdfb30,1,partially_correct,,"{""score"": 1, ""label"": ""partially_correct""}"
FT + RAG||325||8f6572b6d7,1,partially_correct,,"{""score"": 1, ""label"": ""partially_correct""}"
FT + RAG||326||471108f154,1,partially_correct,,"{""score"": 1, ""label"": ""partially_correct""}"
FT + RAG||327||ab0acc8b4f,4,fully_correct,,"{""score"": 4, ""label"": ""fully_correct""}"
FT + RAG||328||f09d6dee6e,1,partially_correct,,"{""score"": 1, ""label"": ""partially_correct""}"
FT + RAG||329||98875db5b7,4,fully_correct,,"{""score"": 4, ""label"": ""fully_correct""}"
FT + RAG||330||fd00567be1,1,partially_correct,,"{""score"": 1, ""label"": ""partially_correct""}"
FT + RAG||331||24bee5bf17,1,partially_correct,,"{""score"": 1, ""label"": ""partially_correct""}"
FT + RAG||332||455f4bf06e,4,fully_correct,,"{""score"": 4, ""label"": ""fully_correct""}"
